senator_1,senator_2,wins_senator_1,wins_senator_2,n_repeats
Charles E Grassley,Patrick J Leahy,0.0,2.0,2
Charles E Grassley,Edward John Markey,2.0,0.0,2
Charles E Grassley,Pat Roberts,2.0,0.0,2
Charles E Grassley,Charles E Schumer,2.0,0.0,2
Charles E Grassley,Ronald L Wyden,0.0,2.0,2
Charles E Grassley,Mitch Mcconnell,2.0,0.0,2
Charles E Grassley,Thomas R Carper,2.0,0.0,2
Charles E Grassley,Richard J Durbin,0.0,2.0,2
Charles E Grassley,Benjamin L Cardin,2.0,0.0,2
Charles E Grassley,James M Sen Inhofe,2.0,0.0,2
Charles E Grassley,John Boozman,2.0,0.0,2
Charles E Grassley,Shelley Moore Capito,2.0,0.0,2
Charles E Grassley,Chris Van Hollen,0.0,2.0,2
Charles E Grassley,Marsha Blackburn,2.0,0.0,2
Charles E Grassley,Christopher S Murphy,2.0,0.0,2
Charles E Grassley,Mazie Hirono,0.0,2.0,2
Charles E Grassley,Kirsten Elizabeth Gillibrand,2.0,0.0,2
Charles E Grassley,William M Cassidy,2.0,0.0,2
Charles E Grassley,Gary Peters,0.0,2.0,2
Charles E Grassley,Martin Trevor Heinrich,2.0,0.0,2
Charles E Grassley,Cory Gardner,2.0,0.0,2
Charles E Grassley,Todd Christopher Young,2.0,0.0,2
Charles E Grassley,James Paul Lankford,2.0,0.0,2
Charles E Grassley,Timothy E Scott,1.0,1.0,2
Charles E Grassley,Kyrsten Sinema,0.0,2.0,2
Charles E Grassley,Thomas Cotton,0.0,2.0,2
Charles E Grassley,L Tammy Duckworth,0.0,2.0,2
Charles E Grassley,Steven Daines,1.0,1.0,2
Charles E Grassley,Kevin Cramer,2.0,0.0,2
Charles E Grassley,Martha Mcsally,2.0,0.0,2
Charles E Grassley,Jacky Rosen,0.0,2.0,2
Charles E Grassley,John F Reed,0.0,2.0,2
Charles E Grassley,Bernard Sanders,2.0,0.0,2
Charles E Grassley,Michael Crapo,2.0,0.0,2
Charles E Grassley,Robert Menendez,2.0,0.0,2
Charles E Grassley,Rob Portman,1.0,1.0,2
Charles E Grassley,Sherrod Brown,0.0,2.0,2
Charles E Grassley,Roger F Wicker,2.0,0.0,2
Charles E Grassley,Richard M Burr,2.0,0.0,2
Charles E Grassley,Lindsey O Graham,2.0,0.0,2
Charles E Grassley,Jerry Moran,2.0,0.0,2
Charles E Grassley,Debbie Stabenow,0.0,2.0,2
Charles E Grassley,Roy Blunt,2.0,0.0,2
Charles E Grassley,John Thune,2.0,0.0,2
Charles E Grassley,John Hardy Isakson,2.0,0.0,2
Charles E Grassley,Tom Udall,0.0,2.0,2
Charles E Grassley,Patrick Joseph Toomey,2.0,0.0,2
Charles E Grassley,Tammy Baldwin,0.0,2.0,2
Charles E Grassley,Maria Cantwell,0.0,2.0,2
Charles E Grassley,Lisa Murkowski,2.0,0.0,2
Charles E Grassley,Lamar Alexander,2.0,0.0,2
Charles E Grassley,John Cornyn,2.0,0.0,2
Charles E Grassley,Amy Klobuchar,0.0,2.0,2
Charles E Grassley,Jon Tester,0.0,2.0,2
Charles E Grassley,Robert P Jr Casey,0.0,2.0,2
Charles E Grassley,Sheldon II Whitehouse,2.0,0.0,2
Charles E Grassley,John A Barrasso,2.0,0.0,2
Charles E Grassley,James E Risch,2.0,0.0,2
Charles E Grassley,Jeanne Shaheen,0.0,2.0,2
Charles E Grassley,Jeffrey Alan Merkley,2.0,0.0,2
Charles E Grassley,Mark Robert Warner,1.0,1.0,2
Charles E Grassley,Michael F Bennet,0.0,2.0,2
Charles E Grassley,Joe Manchin III,0.0,2.0,2
Charles E Grassley,Christopher A Coons,2.0,0.0,2
Charles E Grassley,Richard Blumenthal,1.0,1.0,2
Charles E Grassley,Marco Rubio,2.0,0.0,2
Charles E Grassley,Rand Paul,0.0,2.0,2
Charles E Grassley,John Hoeven,2.0,0.0,2
Charles E Grassley,Mike Lee,2.0,0.0,2
Charles E Grassley,Ronald Harold Johnson,0.0,2.0,2
Charles E Grassley,Brian Schatz,0.0,2.0,2
Charles E Grassley,Angus Stanley Jr King,2.0,0.0,2
Charles E Grassley,Elizabeth Warren,0.0,2.0,2
Charles E Grassley,Debra S Fischer,2.0,0.0,2
Charles E Grassley,Rafael Edward Ted Cruz,0.0,2.0,2
Charles E Grassley,Timothy Michael Kaine,2.0,0.0,2
Charles E Grassley,Cory A Booker,0.0,2.0,2
Charles E Grassley,Dan Sullivan,2.0,0.0,2
Charles E Grassley,David Perdue,2.0,0.0,2
Charles E Grassley,Joni K Ernst,2.0,0.0,2
Charles E Grassley,Benjamin E Sasse,2.0,0.0,2
Charles E Grassley,Thom R Tillis,1.0,1.0,2
Charles E Grassley,Mike Rounds,2.0,0.0,2
Charles E Grassley,Catherine Cortez Masto,2.0,0.0,2
Charles E Grassley,Kamala D Harris,0.0,2.0,2
Charles E Grassley,John Neely Kennedy,2.0,0.0,2
Charles E Grassley,Doug Jones,0.0,2.0,2
Charles E Grassley,Tina Flint Smith,0.0,2.0,2
Charles E Grassley,Cindy Hyde Smith,2.0,0.0,2
Charles E Grassley,Mike Braun,2.0,0.0,2
Charles E Grassley,Joshua David Hawley,2.0,0.0,2
Charles E Grassley,Mitt Willard Romney,2.0,0.0,2
Charles E Grassley,Rick Scott,2.0,0.0,2
Charles E Grassley,Kelly Loeffler,2.0,0.0,2
Charles E Grassley,Mark Kelly,0.0,2.0,2
Charles E Grassley,Dianne Feinstein,0.0,2.0,2
Charles E Grassley,Patty Murray,0.0,2.0,2
Charles E Grassley,Susan M Collins,1.0,1.0,2
Charles E Grassley,Michael B Enzi,2.0,0.0,2
Charles E Grassley,Richard C Shelby,2.0,0.0,2
Patrick J Leahy,Edward John Markey,2.0,0.0,2
Patrick J Leahy,Pat Roberts,0.0,2.0,2
Patrick J Leahy,Charles E Schumer,0.0,2.0,2
Patrick J Leahy,Ronald L Wyden,0.0,2.0,2
Patrick J Leahy,Mitch Mcconnell,1.0,1.0,2
Patrick J Leahy,Thomas R Carper,0.0,2.0,2
Patrick J Leahy,Richard J Durbin,0.0,2.0,2
Patrick J Leahy,Benjamin L Cardin,0.0,2.0,2
Patrick J Leahy,James M Sen Inhofe,0.0,2.0,2
Patrick J Leahy,John Boozman,0.0,2.0,2
Patrick J Leahy,Shelley Moore Capito,0.0,2.0,2
Patrick J Leahy,Chris Van Hollen,2.0,0.0,2
Patrick J Leahy,Marsha Blackburn,0.0,2.0,2
Patrick J Leahy,Christopher S Murphy,2.0,0.0,2
Patrick J Leahy,Mazie Hirono,2.0,0.0,2
Patrick J Leahy,Kirsten Elizabeth Gillibrand,2.0,0.0,2
Patrick J Leahy,William M Cassidy,0.0,2.0,2
Patrick J Leahy,Gary Peters,0.0,2.0,2
Patrick J Leahy,Martin Trevor Heinrich,0.0,2.0,2
Patrick J Leahy,Cory Gardner,0.0,2.0,2
Patrick J Leahy,Todd Christopher Young,0.0,2.0,2
Patrick J Leahy,James Paul Lankford,0.0,2.0,2
Patrick J Leahy,Timothy E Scott,0.0,2.0,2
Patrick J Leahy,Kyrsten Sinema,0.0,2.0,2
Patrick J Leahy,Thomas Cotton,0.0,2.0,2
Patrick J Leahy,L Tammy Duckworth,1.0,1.0,2
Patrick J Leahy,Steven Daines,0.0,2.0,2
Patrick J Leahy,Kevin Cramer,0.0,2.0,2
Patrick J Leahy,Martha Mcsally,0.0,2.0,2
Patrick J Leahy,Jacky Rosen,0.0,2.0,2
Patrick J Leahy,John F Reed,0.0,2.0,2
Patrick J Leahy,Bernard Sanders,2.0,0.0,2
Patrick J Leahy,Michael Crapo,0.0,2.0,2
Patrick J Leahy,Robert Menendez,2.0,0.0,2
Patrick J Leahy,Rob Portman,0.0,2.0,2
Patrick J Leahy,Sherrod Brown,0.0,2.0,2
Patrick J Leahy,Roger F Wicker,0.0,2.0,2
Patrick J Leahy,Richard M Burr,0.0,2.0,2
Patrick J Leahy,Lindsey O Graham,0.0,2.0,2
Patrick J Leahy,Jerry Moran,0.0,2.0,2
Patrick J Leahy,Debbie Stabenow,1.0,1.0,2
Patrick J Leahy,Roy Blunt,0.0,2.0,2
Patrick J Leahy,John Thune,0.0,2.0,2
Patrick J Leahy,John Hardy Isakson,0.0,2.0,2
Patrick J Leahy,Tom Udall,0.0,2.0,2
Patrick J Leahy,Patrick Joseph Toomey,2.0,0.0,2
Patrick J Leahy,Tammy Baldwin,2.0,0.0,2
Patrick J Leahy,Maria Cantwell,0.0,2.0,2
Patrick J Leahy,Lisa Murkowski,0.0,2.0,2
Patrick J Leahy,Lamar Alexander,0.0,2.0,2
Patrick J Leahy,John Cornyn,0.0,2.0,2
Patrick J Leahy,Amy Klobuchar,0.0,2.0,2
Patrick J Leahy,Jon Tester,1.0,1.0,2
Patrick J Leahy,Robert P Jr Casey,2.0,0.0,2
Patrick J Leahy,Sheldon II Whitehouse,2.0,0.0,2
Patrick J Leahy,John A Barrasso,0.0,2.0,2
Patrick J Leahy,James E Risch,0.0,2.0,2
Patrick J Leahy,Jeanne Shaheen,0.0,2.0,2
Patrick J Leahy,Jeffrey Alan Merkley,2.0,0.0,2
Patrick J Leahy,Mark Robert Warner,2.0,0.0,2
Patrick J Leahy,Michael F Bennet,0.0,2.0,2
Patrick J Leahy,Joe Manchin III,0.0,2.0,2
Patrick J Leahy,Christopher A Coons,0.0,2.0,2
Patrick J Leahy,Richard Blumenthal,0.0,2.0,2
Patrick J Leahy,Marco Rubio,0.0,2.0,2
Patrick J Leahy,Rand Paul,0.0,2.0,2
Patrick J Leahy,John Hoeven,0.0,2.0,2
Patrick J Leahy,Mike Lee,0.0,2.0,2
Patrick J Leahy,Ronald Harold Johnson,0.0,2.0,2
Patrick J Leahy,Brian Schatz,0.0,2.0,2
Patrick J Leahy,Angus Stanley Jr King,0.0,2.0,2
Patrick J Leahy,Elizabeth Warren,2.0,0.0,2
Patrick J Leahy,Debra S Fischer,0.0,2.0,2
Patrick J Leahy,Rafael Edward Ted Cruz,0.0,2.0,2
Patrick J Leahy,Timothy Michael Kaine,0.0,2.0,2
Patrick J Leahy,Cory A Booker,2.0,0.0,2
Patrick J Leahy,Dan Sullivan,0.0,2.0,2
Patrick J Leahy,David Perdue,0.0,2.0,2
Patrick J Leahy,Joni K Ernst,0.0,2.0,2
Patrick J Leahy,Benjamin E Sasse,0.0,2.0,2
Patrick J Leahy,Thom R Tillis,0.0,2.0,2
Patrick J Leahy,Mike Rounds,0.0,2.0,2
Patrick J Leahy,Catherine Cortez Masto,1.0,1.0,2
Patrick J Leahy,Kamala D Harris,1.0,1.0,2
Patrick J Leahy,John Neely Kennedy,0.0,2.0,2
Patrick J Leahy,Doug Jones,0.0,2.0,2
Patrick J Leahy,Tina Flint Smith,0.0,2.0,2
Patrick J Leahy,Cindy Hyde Smith,0.0,2.0,2
Patrick J Leahy,Mike Braun,0.0,2.0,2
Patrick J Leahy,Joshua David Hawley,0.0,2.0,2
Patrick J Leahy,Mitt Willard Romney,0.0,2.0,2
Patrick J Leahy,Rick Scott,0.0,2.0,2
Patrick J Leahy,Kelly Loeffler,0.0,2.0,2
Patrick J Leahy,Mark Kelly,1.0,1.0,2
Patrick J Leahy,Dianne Feinstein,0.0,2.0,2
Patrick J Leahy,Patty Murray,0.0,2.0,2
Patrick J Leahy,Susan M Collins,0.0,2.0,2
Patrick J Leahy,Michael B Enzi,0.0,2.0,2
Patrick J Leahy,Richard C Shelby,2.0,0.0,2
Edward John Markey,Pat Roberts,0.0,2.0,2
Edward John Markey,Charles E Schumer,0.0,2.0,2
Edward John Markey,Ronald L Wyden,0.0,2.0,2
Edward John Markey,Mitch Mcconnell,0.0,2.0,2
Edward John Markey,Thomas R Carper,0.0,2.0,2
Edward John Markey,Richard J Durbin,0.0,2.0,2
Edward John Markey,Benjamin L Cardin,0.0,2.0,2
Edward John Markey,James M Sen Inhofe,0.0,2.0,2
Edward John Markey,John Boozman,0.0,2.0,2
Edward John Markey,Shelley Moore Capito,0.0,2.0,2
Edward John Markey,Chris Van Hollen,0.0,2.0,2
Edward John Markey,Marsha Blackburn,0.0,2.0,2
Edward John Markey,Christopher S Murphy,0.0,2.0,2
Edward John Markey,Mazie Hirono,0.0,2.0,2
Edward John Markey,Kirsten Elizabeth Gillibrand,0.0,2.0,2
Edward John Markey,William M Cassidy,0.0,2.0,2
Edward John Markey,Gary Peters,0.0,2.0,2
Edward John Markey,Martin Trevor Heinrich,0.0,2.0,2
Edward John Markey,Cory Gardner,0.0,2.0,2
Edward John Markey,Todd Christopher Young,0.0,2.0,2
Edward John Markey,James Paul Lankford,0.0,2.0,2
Edward John Markey,Timothy E Scott,0.0,2.0,2
Edward John Markey,Kyrsten Sinema,0.0,2.0,2
Edward John Markey,Thomas Cotton,0.0,2.0,2
Edward John Markey,L Tammy Duckworth,0.0,2.0,2
Edward John Markey,Steven Daines,0.0,2.0,2
Edward John Markey,Kevin Cramer,0.0,2.0,2
Edward John Markey,Martha Mcsally,0.0,2.0,2
Edward John Markey,Jacky Rosen,0.0,2.0,2
Edward John Markey,John F Reed,0.0,2.0,2
Edward John Markey,Bernard Sanders,0.0,2.0,2
Edward John Markey,Michael Crapo,0.0,2.0,2
Edward John Markey,Robert Menendez,0.0,2.0,2
Edward John Markey,Rob Portman,0.0,2.0,2
Edward John Markey,Sherrod Brown,0.0,2.0,2
Edward John Markey,Roger F Wicker,0.0,2.0,2
Edward John Markey,Richard M Burr,0.0,2.0,2
Edward John Markey,Lindsey O Graham,0.0,2.0,2
Edward John Markey,Jerry Moran,0.0,2.0,2
Edward John Markey,Debbie Stabenow,0.0,2.0,2
Edward John Markey,Roy Blunt,0.0,2.0,2
Edward John Markey,John Thune,0.0,2.0,2
Edward John Markey,John Hardy Isakson,0.0,2.0,2
Edward John Markey,Tom Udall,0.0,2.0,2
Edward John Markey,Patrick Joseph Toomey,0.0,2.0,2
Edward John Markey,Tammy Baldwin,0.0,2.0,2
Edward John Markey,Maria Cantwell,0.0,2.0,2
Edward John Markey,Lisa Murkowski,0.0,2.0,2
Edward John Markey,Lamar Alexander,0.0,2.0,2
Edward John Markey,John Cornyn,0.0,2.0,2
Edward John Markey,Amy Klobuchar,0.0,2.0,2
Edward John Markey,Jon Tester,0.0,2.0,2
Edward John Markey,Robert P Jr Casey,0.0,2.0,2
Edward John Markey,Sheldon II Whitehouse,0.0,2.0,2
Edward John Markey,John A Barrasso,0.0,2.0,2
Edward John Markey,James E Risch,0.0,2.0,2
Edward John Markey,Jeanne Shaheen,0.0,2.0,2
Edward John Markey,Jeffrey Alan Merkley,0.0,2.0,2
Edward John Markey,Mark Robert Warner,0.0,2.0,2
Edward John Markey,Michael F Bennet,0.0,2.0,2
Edward John Markey,Joe Manchin III,0.0,2.0,2
Edward John Markey,Christopher A Coons,0.0,2.0,2
Edward John Markey,Richard Blumenthal,0.0,2.0,2
Edward John Markey,Marco Rubio,0.0,2.0,2
Edward John Markey,Rand Paul,0.0,2.0,2
Edward John Markey,John Hoeven,0.0,2.0,2
Edward John Markey,Mike Lee,0.0,2.0,2
Edward John Markey,Ronald Harold Johnson,0.0,2.0,2
Edward John Markey,Brian Schatz,0.0,2.0,2
Edward John Markey,Angus Stanley Jr King,0.0,2.0,2
Edward John Markey,Elizabeth Warren,0.0,2.0,2
Edward John Markey,Debra S Fischer,0.0,2.0,2
Edward John Markey,Rafael Edward Ted Cruz,0.0,2.0,2
Edward John Markey,Timothy Michael Kaine,0.0,2.0,2
Edward John Markey,Cory A Booker,0.0,2.0,2
Edward John Markey,Dan Sullivan,0.0,2.0,2
Edward John Markey,David Perdue,0.0,2.0,2
Edward John Markey,Joni K Ernst,0.0,2.0,2
Edward John Markey,Benjamin E Sasse,0.0,2.0,2
Edward John Markey,Thom R Tillis,0.0,2.0,2
Edward John Markey,Mike Rounds,0.0,2.0,2
Edward John Markey,Catherine Cortez Masto,0.0,2.0,2
Edward John Markey,Kamala D Harris,1.0,1.0,2
Edward John Markey,John Neely Kennedy,0.0,2.0,2
Edward John Markey,Doug Jones,0.0,2.0,2
Edward John Markey,Tina Flint Smith,0.0,2.0,2
Edward John Markey,Cindy Hyde Smith,0.0,2.0,2
Edward John Markey,Mike Braun,0.0,2.0,2
Edward John Markey,Joshua David Hawley,2.0,0.0,2
Edward John Markey,Mitt Willard Romney,0.0,2.0,2
Edward John Markey,Rick Scott,0.0,2.0,2
Edward John Markey,Kelly Loeffler,0.0,2.0,2
Edward John Markey,Mark Kelly,0.0,2.0,2
Edward John Markey,Dianne Feinstein,0.0,2.0,2
Edward John Markey,Patty Murray,0.0,2.0,2
Edward John Markey,Susan M Collins,0.0,2.0,2
Edward John Markey,Michael B Enzi,0.0,2.0,2
Edward John Markey,Richard C Shelby,0.0,2.0,2
Pat Roberts,Charles E Schumer,2.0,0.0,2
Pat Roberts,Ronald L Wyden,2.0,0.0,2
Pat Roberts,Mitch Mcconnell,0.0,2.0,2
Pat Roberts,Thomas R Carper,2.0,0.0,2
Pat Roberts,Richard J Durbin,2.0,0.0,2
Pat Roberts,Benjamin L Cardin,2.0,0.0,2
Pat Roberts,James M Sen Inhofe,0.0,2.0,2
Pat Roberts,John Boozman,0.0,2.0,2
Pat Roberts,Shelley Moore Capito,2.0,0.0,2
Pat Roberts,Chris Van Hollen,2.0,0.0,2
Pat Roberts,Marsha Blackburn,0.0,2.0,2
Pat Roberts,Christopher S Murphy,2.0,0.0,2
Pat Roberts,Mazie Hirono,2.0,0.0,2
Pat Roberts,Kirsten Elizabeth Gillibrand,2.0,0.0,2
Pat Roberts,William M Cassidy,0.0,2.0,2
Pat Roberts,Gary Peters,1.0,1.0,2
Pat Roberts,Martin Trevor Heinrich,2.0,0.0,2
Pat Roberts,Cory Gardner,0.0,2.0,2
Pat Roberts,Todd Christopher Young,0.0,2.0,2
Pat Roberts,James Paul Lankford,0.0,2.0,2
Pat Roberts,Timothy E Scott,0.0,2.0,2
Pat Roberts,Kyrsten Sinema,2.0,0.0,2
Pat Roberts,Thomas Cotton,0.0,2.0,2
Pat Roberts,L Tammy Duckworth,2.0,0.0,2
Pat Roberts,Steven Daines,0.0,2.0,2
Pat Roberts,Kevin Cramer,0.0,2.0,2
Pat Roberts,Martha Mcsally,2.0,0.0,2
Pat Roberts,Jacky Rosen,1.0,1.0,2
Pat Roberts,John F Reed,1.0,1.0,2
Pat Roberts,Bernard Sanders,2.0,0.0,2
Pat Roberts,Michael Crapo,2.0,0.0,2
Pat Roberts,Robert Menendez,2.0,0.0,2
Pat Roberts,Rob Portman,1.0,1.0,2
Pat Roberts,Sherrod Brown,2.0,0.0,2
Pat Roberts,Roger F Wicker,2.0,0.0,2
Pat Roberts,Richard M Burr,2.0,0.0,2
Pat Roberts,Lindsey O Graham,2.0,0.0,2
Pat Roberts,Jerry Moran,1.0,1.0,2
Pat Roberts,Debbie Stabenow,2.0,0.0,2
Pat Roberts,Roy Blunt,2.0,0.0,2
Pat Roberts,John Thune,2.0,0.0,2
Pat Roberts,John Hardy Isakson,0.0,2.0,2
Pat Roberts,Tom Udall,0.0,2.0,2
Pat Roberts,Patrick Joseph Toomey,0.0,2.0,2
Pat Roberts,Tammy Baldwin,2.0,0.0,2
Pat Roberts,Maria Cantwell,2.0,0.0,2
Pat Roberts,Lisa Murkowski,2.0,0.0,2
Pat Roberts,Lamar Alexander,2.0,0.0,2
Pat Roberts,John Cornyn,1.0,1.0,2
Pat Roberts,Amy Klobuchar,2.0,0.0,2
Pat Roberts,Jon Tester,0.0,2.0,2
Pat Roberts,Robert P Jr Casey,2.0,0.0,2
Pat Roberts,Sheldon II Whitehouse,2.0,0.0,2
Pat Roberts,John A Barrasso,0.0,2.0,2
Pat Roberts,James E Risch,0.0,2.0,2
Pat Roberts,Jeanne Shaheen,2.0,0.0,2
Pat Roberts,Jeffrey Alan Merkley,2.0,0.0,2
Pat Roberts,Mark Robert Warner,2.0,0.0,2
Pat Roberts,Michael F Bennet,2.0,0.0,2
Pat Roberts,Joe Manchin III,2.0,0.0,2
Pat Roberts,Christopher A Coons,2.0,0.0,2
Pat Roberts,Richard Blumenthal,2.0,0.0,2
Pat Roberts,Marco Rubio,2.0,0.0,2
Pat Roberts,Rand Paul,2.0,0.0,2
Pat Roberts,John Hoeven,2.0,0.0,2
Pat Roberts,Mike Lee,2.0,0.0,2
Pat Roberts,Ronald Harold Johnson,0.0,2.0,2
Pat Roberts,Brian Schatz,2.0,0.0,2
Pat Roberts,Angus Stanley Jr King,2.0,0.0,2
Pat Roberts,Elizabeth Warren,2.0,0.0,2
Pat Roberts,Debra S Fischer,2.0,0.0,2
Pat Roberts,Rafael Edward Ted Cruz,0.0,2.0,2
Pat Roberts,Timothy Michael Kaine,2.0,0.0,2
Pat Roberts,Cory A Booker,2.0,0.0,2
Pat Roberts,Dan Sullivan,0.0,2.0,2
Pat Roberts,David Perdue,0.0,2.0,2
Pat Roberts,Joni K Ernst,2.0,0.0,2
Pat Roberts,Benjamin E Sasse,0.0,2.0,2
Pat Roberts,Thom R Tillis,1.0,1.0,2
Pat Roberts,Mike Rounds,1.0,1.0,2
Pat Roberts,Catherine Cortez Masto,2.0,0.0,2
Pat Roberts,Kamala D Harris,2.0,0.0,2
Pat Roberts,John Neely Kennedy,0.0,2.0,2
Pat Roberts,Doug Jones,0.0,2.0,2
Pat Roberts,Tina Flint Smith,2.0,0.0,2
Pat Roberts,Cindy Hyde Smith,0.0,2.0,2
Pat Roberts,Mike Braun,2.0,0.0,2
Pat Roberts,Joshua David Hawley,0.0,2.0,2
Pat Roberts,Mitt Willard Romney,1.0,1.0,2
Pat Roberts,Rick Scott,0.0,2.0,2
Pat Roberts,Kelly Loeffler,0.0,2.0,2
Pat Roberts,Mark Kelly,0.0,2.0,2
Pat Roberts,Dianne Feinstein,2.0,0.0,2
Pat Roberts,Patty Murray,2.0,0.0,2
Pat Roberts,Susan M Collins,2.0,0.0,2
Pat Roberts,Michael B Enzi,0.0,2.0,2
Pat Roberts,Richard C Shelby,0.0,2.0,2
Charles E Schumer,Ronald L Wyden,0.0,2.0,2
Charles E Schumer,Mitch Mcconnell,0.0,2.0,2
Charles E Schumer,Thomas R Carper,0.0,2.0,2
Charles E Schumer,Richard J Durbin,0.0,2.0,2
Charles E Schumer,Benjamin L Cardin,1.0,1.0,2
Charles E Schumer,James M Sen Inhofe,0.0,2.0,2
Charles E Schumer,John Boozman,0.0,2.0,2
Charles E Schumer,Shelley Moore Capito,0.0,2.0,2
Charles E Schumer,Chris Van Hollen,0.0,2.0,2
Charles E Schumer,Marsha Blackburn,0.0,2.0,2
Charles E Schumer,Christopher S Murphy,2.0,0.0,2
Charles E Schumer,Mazie Hirono,0.0,2.0,2
Charles E Schumer,Kirsten Elizabeth Gillibrand,2.0,0.0,2
Charles E Schumer,William M Cassidy,1.0,1.0,2
Charles E Schumer,Gary Peters,0.0,2.0,2
Charles E Schumer,Martin Trevor Heinrich,2.0,0.0,2
Charles E Schumer,Cory Gardner,0.0,2.0,2
Charles E Schumer,Todd Christopher Young,2.0,0.0,2
Charles E Schumer,James Paul Lankford,0.0,2.0,2
Charles E Schumer,Timothy E Scott,0.0,2.0,2
Charles E Schumer,Kyrsten Sinema,0.0,2.0,2
Charles E Schumer,Thomas Cotton,0.0,2.0,2
Charles E Schumer,L Tammy Duckworth,1.0,1.0,2
Charles E Schumer,Steven Daines,0.0,2.0,2
Charles E Schumer,Kevin Cramer,0.0,2.0,2
Charles E Schumer,Martha Mcsally,0.0,2.0,2
Charles E Schumer,Jacky Rosen,0.0,2.0,2
Charles E Schumer,John F Reed,0.0,2.0,2
Charles E Schumer,Bernard Sanders,2.0,0.0,2
Charles E Schumer,Michael Crapo,0.0,2.0,2
Charles E Schumer,Robert Menendez,0.0,2.0,2
Charles E Schumer,Rob Portman,0.0,2.0,2
Charles E Schumer,Sherrod Brown,0.0,2.0,2
Charles E Schumer,Roger F Wicker,0.0,2.0,2
Charles E Schumer,Richard M Burr,0.0,2.0,2
Charles E Schumer,Lindsey O Graham,0.0,2.0,2
Charles E Schumer,Jerry Moran,0.0,2.0,2
Charles E Schumer,Debbie Stabenow,0.0,2.0,2
Charles E Schumer,Roy Blunt,0.0,2.0,2
Charles E Schumer,John Thune,0.0,2.0,2
Charles E Schumer,John Hardy Isakson,0.0,2.0,2
Charles E Schumer,Tom Udall,0.0,2.0,2
Charles E Schumer,Patrick Joseph Toomey,2.0,0.0,2
Charles E Schumer,Tammy Baldwin,0.0,2.0,2
Charles E Schumer,Maria Cantwell,2.0,0.0,2
Charles E Schumer,Lisa Murkowski,0.0,2.0,2
Charles E Schumer,Lamar Alexander,0.0,2.0,2
Charles E Schumer,John Cornyn,0.0,2.0,2
Charles E Schumer,Amy Klobuchar,0.0,2.0,2
Charles E Schumer,Jon Tester,0.0,2.0,2
Charles E Schumer,Robert P Jr Casey,1.0,1.0,2
Charles E Schumer,Sheldon II Whitehouse,2.0,0.0,2
Charles E Schumer,John A Barrasso,0.0,2.0,2
Charles E Schumer,James E Risch,0.0,2.0,2
Charles E Schumer,Jeanne Shaheen,0.0,2.0,2
Charles E Schumer,Jeffrey Alan Merkley,0.0,2.0,2
Charles E Schumer,Mark Robert Warner,2.0,0.0,2
Charles E Schumer,Michael F Bennet,0.0,2.0,2
Charles E Schumer,Joe Manchin III,0.0,2.0,2
Charles E Schumer,Christopher A Coons,2.0,0.0,2
Charles E Schumer,Richard Blumenthal,2.0,0.0,2
Charles E Schumer,Marco Rubio,0.0,2.0,2
Charles E Schumer,Rand Paul,0.0,2.0,2
Charles E Schumer,John Hoeven,0.0,2.0,2
Charles E Schumer,Mike Lee,0.0,2.0,2
Charles E Schumer,Ronald Harold Johnson,2.0,0.0,2
Charles E Schumer,Brian Schatz,0.0,2.0,2
Charles E Schumer,Angus Stanley Jr King,2.0,0.0,2
Charles E Schumer,Elizabeth Warren,2.0,0.0,2
Charles E Schumer,Debra S Fischer,0.0,2.0,2
Charles E Schumer,Rafael Edward Ted Cruz,0.0,2.0,2
Charles E Schumer,Timothy Michael Kaine,2.0,0.0,2
Charles E Schumer,Cory A Booker,0.0,2.0,2
Charles E Schumer,Dan Sullivan,0.0,2.0,2
Charles E Schumer,David Perdue,0.0,2.0,2
Charles E Schumer,Joni K Ernst,0.0,2.0,2
Charles E Schumer,Benjamin E Sasse,0.0,2.0,2
Charles E Schumer,Thom R Tillis,0.0,2.0,2
Charles E Schumer,Mike Rounds,0.0,2.0,2
Charles E Schumer,Catherine Cortez Masto,2.0,0.0,2
Charles E Schumer,Kamala D Harris,0.0,2.0,2
Charles E Schumer,John Neely Kennedy,2.0,0.0,2
Charles E Schumer,Doug Jones,0.0,2.0,2
Charles E Schumer,Tina Flint Smith,0.0,2.0,2
Charles E Schumer,Cindy Hyde Smith,0.0,2.0,2
Charles E Schumer,Mike Braun,0.0,2.0,2
Charles E Schumer,Joshua David Hawley,0.0,2.0,2
Charles E Schumer,Mitt Willard Romney,0.0,2.0,2
Charles E Schumer,Rick Scott,0.0,2.0,2
Charles E Schumer,Kelly Loeffler,0.0,2.0,2
Charles E Schumer,Mark Kelly,0.0,2.0,2
Charles E Schumer,Dianne Feinstein,1.0,1.0,2
Charles E Schumer,Patty Murray,0.0,2.0,2
Charles E Schumer,Susan M Collins,0.0,2.0,2
Charles E Schumer,Michael B Enzi,0.0,2.0,2
Charles E Schumer,Richard C Shelby,0.0,2.0,2
Ronald L Wyden,Mitch Mcconnell,0.0,2.0,2
Ronald L Wyden,Thomas R Carper,0.0,2.0,2
Ronald L Wyden,Richard J Durbin,0.0,2.0,2
Ronald L Wyden,Benjamin L Cardin,0.0,2.0,2
Ronald L Wyden,James M Sen Inhofe,0.0,2.0,2
Ronald L Wyden,John Boozman,0.0,2.0,2
Ronald L Wyden,Shelley Moore Capito,0.0,2.0,2
Ronald L Wyden,Chris Van Hollen,0.0,2.0,2
Ronald L Wyden,Marsha Blackburn,0.0,2.0,2
Ronald L Wyden,Christopher S Murphy,0.0,2.0,2
Ronald L Wyden,Mazie Hirono,0.0,2.0,2
Ronald L Wyden,Kirsten Elizabeth Gillibrand,2.0,0.0,2
Ronald L Wyden,William M Cassidy,0.0,2.0,2
Ronald L Wyden,Gary Peters,0.0,2.0,2
Ronald L Wyden,Martin Trevor Heinrich,0.0,2.0,2
Ronald L Wyden,Cory Gardner,0.0,2.0,2
Ronald L Wyden,Todd Christopher Young,2.0,0.0,2
Ronald L Wyden,James Paul Lankford,0.0,2.0,2
Ronald L Wyden,Timothy E Scott,2.0,0.0,2
Ronald L Wyden,Kyrsten Sinema,0.0,2.0,2
Ronald L Wyden,Thomas Cotton,0.0,2.0,2
Ronald L Wyden,L Tammy Duckworth,0.0,2.0,2
Ronald L Wyden,Steven Daines,0.0,2.0,2
Ronald L Wyden,Kevin Cramer,0.0,2.0,2
Ronald L Wyden,Martha Mcsally,0.0,2.0,2
Ronald L Wyden,Jacky Rosen,0.0,2.0,2
Ronald L Wyden,John F Reed,1.0,1.0,2
Ronald L Wyden,Bernard Sanders,2.0,0.0,2
Ronald L Wyden,Michael Crapo,0.0,2.0,2
Ronald L Wyden,Robert Menendez,0.0,2.0,2
Ronald L Wyden,Rob Portman,0.0,2.0,2
Ronald L Wyden,Sherrod Brown,0.0,2.0,2
Ronald L Wyden,Roger F Wicker,0.0,2.0,2
Ronald L Wyden,Richard M Burr,0.0,2.0,2
Ronald L Wyden,Lindsey O Graham,2.0,0.0,2
Ronald L Wyden,Jerry Moran,0.0,2.0,2
Ronald L Wyden,Debbie Stabenow,0.0,2.0,2
Ronald L Wyden,Roy Blunt,0.0,2.0,2
Ronald L Wyden,John Thune,0.0,2.0,2
Ronald L Wyden,John Hardy Isakson,0.0,2.0,2
Ronald L Wyden,Tom Udall,0.0,2.0,2
Ronald L Wyden,Patrick Joseph Toomey,0.0,2.0,2
Ronald L Wyden,Tammy Baldwin,0.0,2.0,2
Ronald L Wyden,Maria Cantwell,2.0,0.0,2
Ronald L Wyden,Lisa Murkowski,0.0,2.0,2
Ronald L Wyden,Lamar Alexander,0.0,2.0,2
Ronald L Wyden,John Cornyn,0.0,2.0,2
Ronald L Wyden,Amy Klobuchar,0.0,2.0,2
Ronald L Wyden,Jon Tester,0.0,2.0,2
Ronald L Wyden,Robert P Jr Casey,0.0,2.0,2
Ronald L Wyden,Sheldon II Whitehouse,0.0,2.0,2
Ronald L Wyden,John A Barrasso,0.0,2.0,2
Ronald L Wyden,James E Risch,0.0,2.0,2
Ronald L Wyden,Jeanne Shaheen,0.0,2.0,2
Ronald L Wyden,Jeffrey Alan Merkley,2.0,0.0,2
Ronald L Wyden,Mark Robert Warner,0.0,2.0,2
Ronald L Wyden,Michael F Bennet,0.0,2.0,2
Ronald L Wyden,Joe Manchin III,0.0,2.0,2
Ronald L Wyden,Christopher A Coons,0.0,2.0,2
Ronald L Wyden,Richard Blumenthal,0.0,2.0,2
Ronald L Wyden,Marco Rubio,0.0,2.0,2
Ronald L Wyden,Rand Paul,0.0,2.0,2
Ronald L Wyden,John Hoeven,0.0,2.0,2
Ronald L Wyden,Mike Lee,0.0,2.0,2
Ronald L Wyden,Ronald Harold Johnson,0.0,2.0,2
Ronald L Wyden,Brian Schatz,0.0,2.0,2
Ronald L Wyden,Angus Stanley Jr King,0.0,2.0,2
Ronald L Wyden,Elizabeth Warren,2.0,0.0,2
Ronald L Wyden,Debra S Fischer,2.0,0.0,2
Ronald L Wyden,Rafael Edward Ted Cruz,0.0,2.0,2
Ronald L Wyden,Timothy Michael Kaine,0.0,2.0,2
Ronald L Wyden,Cory A Booker,0.0,2.0,2
Ronald L Wyden,Dan Sullivan,0.0,2.0,2
Ronald L Wyden,David Perdue,0.0,2.0,2
Ronald L Wyden,Joni K Ernst,0.0,2.0,2
Ronald L Wyden,Benjamin E Sasse,2.0,0.0,2
Ronald L Wyden,Thom R Tillis,0.0,2.0,2
Ronald L Wyden,Mike Rounds,0.0,2.0,2
Ronald L Wyden,Catherine Cortez Masto,0.0,2.0,2
Ronald L Wyden,Kamala D Harris,2.0,0.0,2
Ronald L Wyden,John Neely Kennedy,2.0,0.0,2
Ronald L Wyden,Doug Jones,0.0,2.0,2
Ronald L Wyden,Tina Flint Smith,0.0,2.0,2
Ronald L Wyden,Cindy Hyde Smith,2.0,0.0,2
Ronald L Wyden,Mike Braun,0.0,2.0,2
Ronald L Wyden,Joshua David Hawley,0.0,2.0,2
Ronald L Wyden,Mitt Willard Romney,2.0,0.0,2
Ronald L Wyden,Rick Scott,0.0,2.0,2
Ronald L Wyden,Kelly Loeffler,1.0,1.0,2
Ronald L Wyden,Mark Kelly,0.0,2.0,2
Ronald L Wyden,Dianne Feinstein,0.0,2.0,2
Ronald L Wyden,Patty Murray,2.0,0.0,2
Ronald L Wyden,Susan M Collins,0.0,2.0,2
Ronald L Wyden,Michael B Enzi,0.0,2.0,2
Ronald L Wyden,Richard C Shelby,0.0,2.0,2
Mitch Mcconnell,Thomas R Carper,1.0,1.0,2
Mitch Mcconnell,Richard J Durbin,2.0,0.0,2
Mitch Mcconnell,Benjamin L Cardin,2.0,0.0,2
Mitch Mcconnell,James M Sen Inhofe,2.0,0.0,2
Mitch Mcconnell,John Boozman,2.0,0.0,2
Mitch Mcconnell,Shelley Moore Capito,2.0,0.0,2
Mitch Mcconnell,Chris Van Hollen,2.0,0.0,2
Mitch Mcconnell,Marsha Blackburn,2.0,0.0,2
Mitch Mcconnell,Christopher S Murphy,2.0,0.0,2
Mitch Mcconnell,Mazie Hirono,0.0,2.0,2
Mitch Mcconnell,Kirsten Elizabeth Gillibrand,2.0,0.0,2
Mitch Mcconnell,William M Cassidy,1.0,1.0,2
Mitch Mcconnell,Gary Peters,0.0,2.0,2
Mitch Mcconnell,Martin Trevor Heinrich,2.0,0.0,2
Mitch Mcconnell,Cory Gardner,2.0,0.0,2
Mitch Mcconnell,Todd Christopher Young,2.0,0.0,2
Mitch Mcconnell,James Paul Lankford,2.0,0.0,2
Mitch Mcconnell,Timothy E Scott,2.0,0.0,2
Mitch Mcconnell,Kyrsten Sinema,0.0,2.0,2
Mitch Mcconnell,Thomas Cotton,0.0,2.0,2
Mitch Mcconnell,L Tammy Duckworth,2.0,0.0,2
Mitch Mcconnell,Steven Daines,2.0,0.0,2
Mitch Mcconnell,Kevin Cramer,2.0,0.0,2
Mitch Mcconnell,Martha Mcsally,2.0,0.0,2
Mitch Mcconnell,Jacky Rosen,0.0,2.0,2
Mitch Mcconnell,John F Reed,2.0,0.0,2
Mitch Mcconnell,Bernard Sanders,1.0,1.0,2
Mitch Mcconnell,Michael Crapo,2.0,0.0,2
Mitch Mcconnell,Robert Menendez,2.0,0.0,2
Mitch Mcconnell,Rob Portman,2.0,0.0,2
Mitch Mcconnell,Sherrod Brown,2.0,0.0,2
Mitch Mcconnell,Roger F Wicker,2.0,0.0,2
Mitch Mcconnell,Richard M Burr,2.0,0.0,2
Mitch Mcconnell,Lindsey O Graham,2.0,0.0,2
Mitch Mcconnell,Jerry Moran,2.0,0.0,2
Mitch Mcconnell,Debbie Stabenow,1.0,1.0,2
Mitch Mcconnell,Roy Blunt,2.0,0.0,2
Mitch Mcconnell,John Thune,2.0,0.0,2
Mitch Mcconnell,John Hardy Isakson,0.0,2.0,2
Mitch Mcconnell,Tom Udall,0.0,2.0,2
Mitch Mcconnell,Patrick Joseph Toomey,1.0,1.0,2
Mitch Mcconnell,Tammy Baldwin,2.0,0.0,2
Mitch Mcconnell,Maria Cantwell,0.0,2.0,2
Mitch Mcconnell,Lisa Murkowski,2.0,0.0,2
Mitch Mcconnell,Lamar Alexander,2.0,0.0,2
Mitch Mcconnell,John Cornyn,2.0,0.0,2
Mitch Mcconnell,Amy Klobuchar,0.0,2.0,2
Mitch Mcconnell,Jon Tester,0.0,2.0,2
Mitch Mcconnell,Robert P Jr Casey,2.0,0.0,2
Mitch Mcconnell,Sheldon II Whitehouse,2.0,0.0,2
Mitch Mcconnell,John A Barrasso,1.0,1.0,2
Mitch Mcconnell,James E Risch,2.0,0.0,2
Mitch Mcconnell,Jeanne Shaheen,0.0,2.0,2
Mitch Mcconnell,Jeffrey Alan Merkley,2.0,0.0,2
Mitch Mcconnell,Mark Robert Warner,2.0,0.0,2
Mitch Mcconnell,Michael F Bennet,2.0,0.0,2
Mitch Mcconnell,Joe Manchin III,1.0,1.0,2
Mitch Mcconnell,Christopher A Coons,2.0,0.0,2
Mitch Mcconnell,Richard Blumenthal,2.0,0.0,2
Mitch Mcconnell,Marco Rubio,1.0,1.0,2
Mitch Mcconnell,Rand Paul,0.0,2.0,2
Mitch Mcconnell,John Hoeven,2.0,0.0,2
Mitch Mcconnell,Mike Lee,0.0,2.0,2
Mitch Mcconnell,Ronald Harold Johnson,2.0,0.0,2
Mitch Mcconnell,Brian Schatz,0.0,2.0,2
Mitch Mcconnell,Angus Stanley Jr King,2.0,0.0,2
Mitch Mcconnell,Elizabeth Warren,2.0,0.0,2
Mitch Mcconnell,Debra S Fischer,2.0,0.0,2
Mitch Mcconnell,Rafael Edward Ted Cruz,0.0,2.0,2
Mitch Mcconnell,Timothy Michael Kaine,2.0,0.0,2
Mitch Mcconnell,Cory A Booker,0.0,2.0,2
Mitch Mcconnell,Dan Sullivan,2.0,0.0,2
Mitch Mcconnell,David Perdue,2.0,0.0,2
Mitch Mcconnell,Joni K Ernst,2.0,0.0,2
Mitch Mcconnell,Benjamin E Sasse,0.0,2.0,2
Mitch Mcconnell,Thom R Tillis,1.0,1.0,2
Mitch Mcconnell,Mike Rounds,2.0,0.0,2
Mitch Mcconnell,Catherine Cortez Masto,2.0,0.0,2
Mitch Mcconnell,Kamala D Harris,0.0,2.0,2
Mitch Mcconnell,John Neely Kennedy,2.0,0.0,2
Mitch Mcconnell,Doug Jones,0.0,2.0,2
Mitch Mcconnell,Tina Flint Smith,0.0,2.0,2
Mitch Mcconnell,Cindy Hyde Smith,2.0,0.0,2
Mitch Mcconnell,Mike Braun,2.0,0.0,2
Mitch Mcconnell,Joshua David Hawley,0.0,2.0,2
Mitch Mcconnell,Mitt Willard Romney,2.0,0.0,2
Mitch Mcconnell,Rick Scott,2.0,0.0,2
Mitch Mcconnell,Kelly Loeffler,2.0,0.0,2
Mitch Mcconnell,Mark Kelly,0.0,2.0,2
Mitch Mcconnell,Dianne Feinstein,2.0,0.0,2
Mitch Mcconnell,Patty Murray,0.0,2.0,2
Mitch Mcconnell,Susan M Collins,2.0,0.0,2
Mitch Mcconnell,Michael B Enzi,2.0,0.0,2
Mitch Mcconnell,Richard C Shelby,2.0,0.0,2
Thomas R Carper,Richard J Durbin,2.0,0.0,2
Thomas R Carper,Benjamin L Cardin,2.0,0.0,2
Thomas R Carper,James M Sen Inhofe,0.0,2.0,2
Thomas R Carper,John Boozman,0.0,2.0,2
Thomas R Carper,Shelley Moore Capito,0.0,2.0,2
Thomas R Carper,Chris Van Hollen,2.0,0.0,2
Thomas R Carper,Marsha Blackburn,2.0,0.0,2
Thomas R Carper,Christopher S Murphy,2.0,0.0,2
Thomas R Carper,Mazie Hirono,2.0,0.0,2
Thomas R Carper,Kirsten Elizabeth Gillibrand,2.0,0.0,2
Thomas R Carper,William M Cassidy,2.0,0.0,2
Thomas R Carper,Gary Peters,0.0,2.0,2
Thomas R Carper,Martin Trevor Heinrich,0.0,2.0,2
Thomas R Carper,Cory Gardner,0.0,2.0,2
Thomas R Carper,Todd Christopher Young,2.0,0.0,2
Thomas R Carper,James Paul Lankford,0.0,2.0,2
Thomas R Carper,Timothy E Scott,1.0,1.0,2
Thomas R Carper,Kyrsten Sinema,0.0,2.0,2
Thomas R Carper,Thomas Cotton,0.0,2.0,2
Thomas R Carper,L Tammy Duckworth,2.0,0.0,2
Thomas R Carper,Steven Daines,0.0,2.0,2
Thomas R Carper,Kevin Cramer,0.0,2.0,2
Thomas R Carper,Martha Mcsally,0.0,2.0,2
Thomas R Carper,Jacky Rosen,0.0,2.0,2
Thomas R Carper,John F Reed,0.0,2.0,2
Thomas R Carper,Bernard Sanders,1.0,1.0,2
Thomas R Carper,Michael Crapo,0.0,2.0,2
Thomas R Carper,Robert Menendez,2.0,0.0,2
Thomas R Carper,Rob Portman,0.0,2.0,2
Thomas R Carper,Sherrod Brown,2.0,0.0,2
Thomas R Carper,Roger F Wicker,0.0,2.0,2
Thomas R Carper,Richard M Burr,0.0,2.0,2
Thomas R Carper,Lindsey O Graham,2.0,0.0,2
Thomas R Carper,Jerry Moran,1.0,1.0,2
Thomas R Carper,Debbie Stabenow,0.0,2.0,2
Thomas R Carper,Roy Blunt,0.0,2.0,2
Thomas R Carper,John Thune,0.0,2.0,2
Thomas R Carper,John Hardy Isakson,0.0,2.0,2
Thomas R Carper,Tom Udall,0.0,2.0,2
Thomas R Carper,Patrick Joseph Toomey,2.0,0.0,2
Thomas R Carper,Tammy Baldwin,2.0,0.0,2
Thomas R Carper,Maria Cantwell,0.0,2.0,2
Thomas R Carper,Lisa Murkowski,0.0,2.0,2
Thomas R Carper,Lamar Alexander,0.0,2.0,2
Thomas R Carper,John Cornyn,0.0,2.0,2
Thomas R Carper,Amy Klobuchar,1.0,1.0,2
Thomas R Carper,Jon Tester,0.0,2.0,2
Thomas R Carper,Robert P Jr Casey,0.0,2.0,2
Thomas R Carper,Sheldon II Whitehouse,2.0,0.0,2
Thomas R Carper,John A Barrasso,1.0,1.0,2
Thomas R Carper,James E Risch,0.0,2.0,2
Thomas R Carper,Jeanne Shaheen,0.0,2.0,2
Thomas R Carper,Jeffrey Alan Merkley,2.0,0.0,2
Thomas R Carper,Mark Robert Warner,2.0,0.0,2
Thomas R Carper,Michael F Bennet,0.0,2.0,2
Thomas R Carper,Joe Manchin III,1.0,1.0,2
Thomas R Carper,Christopher A Coons,2.0,0.0,2
Thomas R Carper,Richard Blumenthal,0.0,2.0,2
Thomas R Carper,Marco Rubio,0.0,2.0,2
Thomas R Carper,Rand Paul,0.0,2.0,2
Thomas R Carper,John Hoeven,0.0,2.0,2
Thomas R Carper,Mike Lee,0.0,2.0,2
Thomas R Carper,Ronald Harold Johnson,2.0,0.0,2
Thomas R Carper,Brian Schatz,0.0,2.0,2
Thomas R Carper,Angus Stanley Jr King,2.0,0.0,2
Thomas R Carper,Elizabeth Warren,2.0,0.0,2
Thomas R Carper,Debra S Fischer,1.0,1.0,2
Thomas R Carper,Rafael Edward Ted Cruz,2.0,0.0,2
Thomas R Carper,Timothy Michael Kaine,0.0,2.0,2
Thomas R Carper,Cory A Booker,2.0,0.0,2
Thomas R Carper,Dan Sullivan,1.0,1.0,2
Thomas R Carper,David Perdue,0.0,2.0,2
Thomas R Carper,Joni K Ernst,0.0,2.0,2
Thomas R Carper,Benjamin E Sasse,2.0,0.0,2
Thomas R Carper,Thom R Tillis,0.0,2.0,2
Thomas R Carper,Mike Rounds,0.0,2.0,2
Thomas R Carper,Catherine Cortez Masto,0.0,2.0,2
Thomas R Carper,Kamala D Harris,1.0,1.0,2
Thomas R Carper,John Neely Kennedy,0.0,2.0,2
Thomas R Carper,Doug Jones,0.0,2.0,2
Thomas R Carper,Tina Flint Smith,2.0,0.0,2
Thomas R Carper,Cindy Hyde Smith,2.0,0.0,2
Thomas R Carper,Mike Braun,0.0,2.0,2
Thomas R Carper,Joshua David Hawley,2.0,0.0,2
Thomas R Carper,Mitt Willard Romney,0.0,2.0,2
Thomas R Carper,Rick Scott,0.0,2.0,2
Thomas R Carper,Kelly Loeffler,0.0,2.0,2
Thomas R Carper,Mark Kelly,0.0,2.0,2
Thomas R Carper,Dianne Feinstein,2.0,0.0,2
Thomas R Carper,Patty Murray,0.0,2.0,2
Thomas R Carper,Susan M Collins,1.0,1.0,2
Thomas R Carper,Michael B Enzi,0.0,2.0,2
Thomas R Carper,Richard C Shelby,2.0,0.0,2
Richard J Durbin,Benjamin L Cardin,2.0,0.0,2
Richard J Durbin,James M Sen Inhofe,0.0,2.0,2
Richard J Durbin,John Boozman,1.0,1.0,2
Richard J Durbin,Shelley Moore Capito,0.0,2.0,2
Richard J Durbin,Chris Van Hollen,1.0,1.0,2
Richard J Durbin,Marsha Blackburn,1.0,1.0,2
Richard J Durbin,Christopher S Murphy,2.0,0.0,2
Richard J Durbin,Mazie Hirono,2.0,0.0,2
Richard J Durbin,Kirsten Elizabeth Gillibrand,2.0,0.0,2
Richard J Durbin,William M Cassidy,0.0,2.0,2
Richard J Durbin,Gary Peters,1.0,1.0,2
Richard J Durbin,Martin Trevor Heinrich,0.0,2.0,2
Richard J Durbin,Cory Gardner,1.0,1.0,2
Richard J Durbin,Todd Christopher Young,0.0,2.0,2
Richard J Durbin,James Paul Lankford,0.0,2.0,2
Richard J Durbin,Timothy E Scott,0.0,2.0,2
Richard J Durbin,Kyrsten Sinema,0.0,2.0,2
Richard J Durbin,Thomas Cotton,0.0,2.0,2
Richard J Durbin,L Tammy Duckworth,1.0,1.0,2
Richard J Durbin,Steven Daines,0.0,2.0,2
Richard J Durbin,Kevin Cramer,0.0,2.0,2
Richard J Durbin,Martha Mcsally,0.0,2.0,2
Richard J Durbin,Jacky Rosen,0.0,2.0,2
Richard J Durbin,John F Reed,0.0,2.0,2
Richard J Durbin,Bernard Sanders,2.0,0.0,2
Richard J Durbin,Michael Crapo,0.0,2.0,2
Richard J Durbin,Robert Menendez,0.0,2.0,2
Richard J Durbin,Rob Portman,1.0,1.0,2
Richard J Durbin,Sherrod Brown,2.0,0.0,2
Richard J Durbin,Roger F Wicker,0.0,2.0,2
Richard J Durbin,Richard M Burr,0.0,2.0,2
Richard J Durbin,Lindsey O Graham,1.0,1.0,2
Richard J Durbin,Jerry Moran,0.0,2.0,2
Richard J Durbin,Debbie Stabenow,0.0,2.0,2
Richard J Durbin,Roy Blunt,0.0,2.0,2
Richard J Durbin,John Thune,0.0,2.0,2
Richard J Durbin,John Hardy Isakson,0.0,2.0,2
Richard J Durbin,Tom Udall,0.0,2.0,2
Richard J Durbin,Patrick Joseph Toomey,0.0,2.0,2
Richard J Durbin,Tammy Baldwin,1.0,1.0,2
Richard J Durbin,Maria Cantwell,0.0,2.0,2
Richard J Durbin,Lisa Murkowski,0.0,2.0,2
Richard J Durbin,Lamar Alexander,0.0,2.0,2
Richard J Durbin,John Cornyn,0.0,2.0,2
Richard J Durbin,Amy Klobuchar,0.0,2.0,2
Richard J Durbin,Jon Tester,0.0,2.0,2
Richard J Durbin,Robert P Jr Casey,0.0,2.0,2
Richard J Durbin,Sheldon II Whitehouse,2.0,0.0,2
Richard J Durbin,John A Barrasso,1.0,1.0,2
Richard J Durbin,James E Risch,0.0,2.0,2
Richard J Durbin,Jeanne Shaheen,0.0,2.0,2
Richard J Durbin,Jeffrey Alan Merkley,1.0,1.0,2
Richard J Durbin,Mark Robert Warner,2.0,0.0,2
Richard J Durbin,Michael F Bennet,1.0,1.0,2
Richard J Durbin,Joe Manchin III,0.0,2.0,2
Richard J Durbin,Christopher A Coons,0.0,2.0,2
Richard J Durbin,Richard Blumenthal,2.0,0.0,2
Richard J Durbin,Marco Rubio,0.0,2.0,2
Richard J Durbin,Rand Paul,0.0,2.0,2
Richard J Durbin,John Hoeven,0.0,2.0,2
Richard J Durbin,Mike Lee,0.0,2.0,2
Richard J Durbin,Ronald Harold Johnson,0.0,2.0,2
Richard J Durbin,Brian Schatz,0.0,2.0,2
Richard J Durbin,Angus Stanley Jr King,0.0,2.0,2
Richard J Durbin,Elizabeth Warren,2.0,0.0,2
Richard J Durbin,Debra S Fischer,0.0,2.0,2
Richard J Durbin,Rafael Edward Ted Cruz,0.0,2.0,2
Richard J Durbin,Timothy Michael Kaine,2.0,0.0,2
Richard J Durbin,Cory A Booker,2.0,0.0,2
Richard J Durbin,Dan Sullivan,0.0,2.0,2
Richard J Durbin,David Perdue,0.0,2.0,2
Richard J Durbin,Joni K Ernst,0.0,2.0,2
Richard J Durbin,Benjamin E Sasse,0.0,2.0,2
Richard J Durbin,Thom R Tillis,0.0,2.0,2
Richard J Durbin,Mike Rounds,0.0,2.0,2
Richard J Durbin,Catherine Cortez Masto,0.0,2.0,2
Richard J Durbin,Kamala D Harris,0.0,2.0,2
Richard J Durbin,John Neely Kennedy,0.0,2.0,2
Richard J Durbin,Doug Jones,1.0,1.0,2
Richard J Durbin,Tina Flint Smith,0.0,2.0,2
Richard J Durbin,Cindy Hyde Smith,0.0,2.0,2
Richard J Durbin,Mike Braun,0.0,2.0,2
Richard J Durbin,Joshua David Hawley,0.0,2.0,2
Richard J Durbin,Mitt Willard Romney,0.0,2.0,2
Richard J Durbin,Rick Scott,0.0,2.0,2
Richard J Durbin,Kelly Loeffler,0.0,2.0,2
Richard J Durbin,Mark Kelly,1.0,1.0,2
Richard J Durbin,Dianne Feinstein,1.0,1.0,2
Richard J Durbin,Patty Murray,0.0,2.0,2
Richard J Durbin,Susan M Collins,0.0,2.0,2
Richard J Durbin,Michael B Enzi,0.0,2.0,2
Richard J Durbin,Richard C Shelby,0.0,2.0,2
Benjamin L Cardin,James M Sen Inhofe,0.0,2.0,2
Benjamin L Cardin,John Boozman,0.0,2.0,2
Benjamin L Cardin,Shelley Moore Capito,0.0,2.0,2
Benjamin L Cardin,Chris Van Hollen,0.0,2.0,2
Benjamin L Cardin,Marsha Blackburn,0.0,2.0,2
Benjamin L Cardin,Christopher S Murphy,0.0,2.0,2
Benjamin L Cardin,Mazie Hirono,2.0,0.0,2
Benjamin L Cardin,Kirsten Elizabeth Gillibrand,2.0,0.0,2
Benjamin L Cardin,William M Cassidy,0.0,2.0,2
Benjamin L Cardin,Gary Peters,0.0,2.0,2
Benjamin L Cardin,Martin Trevor Heinrich,0.0,2.0,2
Benjamin L Cardin,Cory Gardner,0.0,2.0,2
Benjamin L Cardin,Todd Christopher Young,0.0,2.0,2
Benjamin L Cardin,James Paul Lankford,0.0,2.0,2
Benjamin L Cardin,Timothy E Scott,0.0,2.0,2
Benjamin L Cardin,Kyrsten Sinema,0.0,2.0,2
Benjamin L Cardin,Thomas Cotton,0.0,2.0,2
Benjamin L Cardin,L Tammy Duckworth,0.0,2.0,2
Benjamin L Cardin,Steven Daines,0.0,2.0,2
Benjamin L Cardin,Kevin Cramer,0.0,2.0,2
Benjamin L Cardin,Martha Mcsally,0.0,2.0,2
Benjamin L Cardin,Jacky Rosen,0.0,2.0,2
Benjamin L Cardin,John F Reed,0.0,2.0,2
Benjamin L Cardin,Bernard Sanders,2.0,0.0,2
Benjamin L Cardin,Michael Crapo,0.0,2.0,2
Benjamin L Cardin,Robert Menendez,0.0,2.0,2
Benjamin L Cardin,Rob Portman,0.0,2.0,2
Benjamin L Cardin,Sherrod Brown,0.0,2.0,2
Benjamin L Cardin,Roger F Wicker,0.0,2.0,2
Benjamin L Cardin,Richard M Burr,0.0,2.0,2
Benjamin L Cardin,Lindsey O Graham,0.0,2.0,2
Benjamin L Cardin,Jerry Moran,0.0,2.0,2
Benjamin L Cardin,Debbie Stabenow,1.0,1.0,2
Benjamin L Cardin,Roy Blunt,0.0,2.0,2
Benjamin L Cardin,John Thune,0.0,2.0,2
Benjamin L Cardin,John Hardy Isakson,0.0,2.0,2
Benjamin L Cardin,Tom Udall,0.0,2.0,2
Benjamin L Cardin,Patrick Joseph Toomey,0.0,2.0,2
Benjamin L Cardin,Tammy Baldwin,2.0,0.0,2
Benjamin L Cardin,Maria Cantwell,0.0,2.0,2
Benjamin L Cardin,Lisa Murkowski,0.0,2.0,2
Benjamin L Cardin,Lamar Alexander,0.0,2.0,2
Benjamin L Cardin,John Cornyn,0.0,2.0,2
Benjamin L Cardin,Amy Klobuchar,0.0,2.0,2
Benjamin L Cardin,Jon Tester,1.0,1.0,2
Benjamin L Cardin,Robert P Jr Casey,1.0,1.0,2
Benjamin L Cardin,Sheldon II Whitehouse,2.0,0.0,2
Benjamin L Cardin,John A Barrasso,0.0,2.0,2
Benjamin L Cardin,James E Risch,0.0,2.0,2
Benjamin L Cardin,Jeanne Shaheen,0.0,2.0,2
Benjamin L Cardin,Jeffrey Alan Merkley,2.0,0.0,2
Benjamin L Cardin,Mark Robert Warner,0.0,2.0,2
Benjamin L Cardin,Michael F Bennet,0.0,2.0,2
Benjamin L Cardin,Joe Manchin III,0.0,2.0,2
Benjamin L Cardin,Christopher A Coons,1.0,1.0,2
Benjamin L Cardin,Richard Blumenthal,2.0,0.0,2
Benjamin L Cardin,Marco Rubio,0.0,2.0,2
Benjamin L Cardin,Rand Paul,0.0,2.0,2
Benjamin L Cardin,John Hoeven,0.0,2.0,2
Benjamin L Cardin,Mike Lee,0.0,2.0,2
Benjamin L Cardin,Ronald Harold Johnson,2.0,0.0,2
Benjamin L Cardin,Brian Schatz,0.0,2.0,2
Benjamin L Cardin,Angus Stanley Jr King,0.0,2.0,2
Benjamin L Cardin,Elizabeth Warren,0.0,2.0,2
Benjamin L Cardin,Debra S Fischer,0.0,2.0,2
Benjamin L Cardin,Rafael Edward Ted Cruz,0.0,2.0,2
Benjamin L Cardin,Timothy Michael Kaine,2.0,0.0,2
Benjamin L Cardin,Cory A Booker,2.0,0.0,2
Benjamin L Cardin,Dan Sullivan,0.0,2.0,2
Benjamin L Cardin,David Perdue,0.0,2.0,2
Benjamin L Cardin,Joni K Ernst,0.0,2.0,2
Benjamin L Cardin,Benjamin E Sasse,0.0,2.0,2
Benjamin L Cardin,Thom R Tillis,0.0,2.0,2
Benjamin L Cardin,Mike Rounds,0.0,2.0,2
Benjamin L Cardin,Catherine Cortez Masto,0.0,2.0,2
Benjamin L Cardin,Kamala D Harris,0.0,2.0,2
Benjamin L Cardin,John Neely Kennedy,0.0,2.0,2
Benjamin L Cardin,Doug Jones,0.0,2.0,2
Benjamin L Cardin,Tina Flint Smith,0.0,2.0,2
Benjamin L Cardin,Cindy Hyde Smith,0.0,2.0,2
Benjamin L Cardin,Mike Braun,0.0,2.0,2
Benjamin L Cardin,Joshua David Hawley,2.0,0.0,2
Benjamin L Cardin,Mitt Willard Romney,0.0,2.0,2
Benjamin L Cardin,Rick Scott,0.0,2.0,2
Benjamin L Cardin,Kelly Loeffler,0.0,2.0,2
Benjamin L Cardin,Mark Kelly,0.0,2.0,2
Benjamin L Cardin,Dianne Feinstein,0.0,2.0,2
Benjamin L Cardin,Patty Murray,0.0,2.0,2
Benjamin L Cardin,Susan M Collins,0.0,2.0,2
Benjamin L Cardin,Michael B Enzi,0.0,2.0,2
Benjamin L Cardin,Richard C Shelby,0.0,2.0,2
James M Sen Inhofe,John Boozman,2.0,0.0,2
James M Sen Inhofe,Shelley Moore Capito,1.0,1.0,2
James M Sen Inhofe,Chris Van Hollen,2.0,0.0,2
James M Sen Inhofe,Marsha Blackburn,2.0,0.0,2
James M Sen Inhofe,Christopher S Murphy,2.0,0.0,2
James M Sen Inhofe,Mazie Hirono,2.0,0.0,2
James M Sen Inhofe,Kirsten Elizabeth Gillibrand,2.0,0.0,2
James M Sen Inhofe,William M Cassidy,2.0,0.0,2
James M Sen Inhofe,Gary Peters,0.0,2.0,2
James M Sen Inhofe,Martin Trevor Heinrich,2.0,0.0,2
James M Sen Inhofe,Cory Gardner,2.0,0.0,2
James M Sen Inhofe,Todd Christopher Young,2.0,0.0,2
James M Sen Inhofe,James Paul Lankford,2.0,0.0,2
James M Sen Inhofe,Timothy E Scott,2.0,0.0,2
James M Sen Inhofe,Kyrsten Sinema,2.0,0.0,2
James M Sen Inhofe,Thomas Cotton,0.0,2.0,2
James M Sen Inhofe,L Tammy Duckworth,0.0,2.0,2
James M Sen Inhofe,Steven Daines,2.0,0.0,2
James M Sen Inhofe,Kevin Cramer,2.0,0.0,2
James M Sen Inhofe,Martha Mcsally,0.0,2.0,2
James M Sen Inhofe,Jacky Rosen,0.0,2.0,2
James M Sen Inhofe,John F Reed,0.0,2.0,2
James M Sen Inhofe,Bernard Sanders,2.0,0.0,2
James M Sen Inhofe,Michael Crapo,2.0,0.0,2
James M Sen Inhofe,Robert Menendez,2.0,0.0,2
James M Sen Inhofe,Rob Portman,2.0,0.0,2
James M Sen Inhofe,Sherrod Brown,0.0,2.0,2
James M Sen Inhofe,Roger F Wicker,2.0,0.0,2
James M Sen Inhofe,Richard M Burr,2.0,0.0,2
James M Sen Inhofe,Lindsey O Graham,2.0,0.0,2
James M Sen Inhofe,Jerry Moran,2.0,0.0,2
James M Sen Inhofe,Debbie Stabenow,0.0,2.0,2
James M Sen Inhofe,Roy Blunt,2.0,0.0,2
James M Sen Inhofe,John Thune,2.0,0.0,2
James M Sen Inhofe,John Hardy Isakson,2.0,0.0,2
James M Sen Inhofe,Tom Udall,0.0,2.0,2
James M Sen Inhofe,Patrick Joseph Toomey,2.0,0.0,2
James M Sen Inhofe,Tammy Baldwin,0.0,2.0,2
James M Sen Inhofe,Maria Cantwell,0.0,2.0,2
James M Sen Inhofe,Lisa Murkowski,2.0,0.0,2
James M Sen Inhofe,Lamar Alexander,2.0,0.0,2
James M Sen Inhofe,John Cornyn,2.0,0.0,2
James M Sen Inhofe,Amy Klobuchar,0.0,2.0,2
James M Sen Inhofe,Jon Tester,0.0,2.0,2
James M Sen Inhofe,Robert P Jr Casey,0.0,2.0,2
James M Sen Inhofe,Sheldon II Whitehouse,2.0,0.0,2
James M Sen Inhofe,John A Barrasso,2.0,0.0,2
James M Sen Inhofe,James E Risch,0.0,2.0,2
James M Sen Inhofe,Jeanne Shaheen,0.0,2.0,2
James M Sen Inhofe,Jeffrey Alan Merkley,2.0,0.0,2
James M Sen Inhofe,Mark Robert Warner,1.0,1.0,2
James M Sen Inhofe,Michael F Bennet,0.0,2.0,2
James M Sen Inhofe,Joe Manchin III,0.0,2.0,2
James M Sen Inhofe,Christopher A Coons,2.0,0.0,2
James M Sen Inhofe,Richard Blumenthal,1.0,1.0,2
James M Sen Inhofe,Marco Rubio,2.0,0.0,2
James M Sen Inhofe,Rand Paul,0.0,2.0,2
James M Sen Inhofe,John Hoeven,1.0,1.0,2
James M Sen Inhofe,Mike Lee,0.0,2.0,2
James M Sen Inhofe,Ronald Harold Johnson,0.0,2.0,2
James M Sen Inhofe,Brian Schatz,0.0,2.0,2
James M Sen Inhofe,Angus Stanley Jr King,2.0,0.0,2
James M Sen Inhofe,Elizabeth Warren,2.0,0.0,2
James M Sen Inhofe,Debra S Fischer,2.0,0.0,2
James M Sen Inhofe,Rafael Edward Ted Cruz,0.0,2.0,2
James M Sen Inhofe,Timothy Michael Kaine,2.0,0.0,2
James M Sen Inhofe,Cory A Booker,2.0,0.0,2
James M Sen Inhofe,Dan Sullivan,2.0,0.0,2
James M Sen Inhofe,David Perdue,2.0,0.0,2
James M Sen Inhofe,Joni K Ernst,2.0,0.0,2
James M Sen Inhofe,Benjamin E Sasse,2.0,0.0,2
James M Sen Inhofe,Thom R Tillis,2.0,0.0,2
James M Sen Inhofe,Mike Rounds,2.0,0.0,2
James M Sen Inhofe,Catherine Cortez Masto,2.0,0.0,2
James M Sen Inhofe,Kamala D Harris,2.0,0.0,2
James M Sen Inhofe,John Neely Kennedy,2.0,0.0,2
James M Sen Inhofe,Doug Jones,0.0,2.0,2
James M Sen Inhofe,Tina Flint Smith,0.0,2.0,2
James M Sen Inhofe,Cindy Hyde Smith,0.0,2.0,2
James M Sen Inhofe,Mike Braun,2.0,0.0,2
James M Sen Inhofe,Joshua David Hawley,1.0,1.0,2
James M Sen Inhofe,Mitt Willard Romney,2.0,0.0,2
James M Sen Inhofe,Rick Scott,0.0,2.0,2
James M Sen Inhofe,Kelly Loeffler,0.0,2.0,2
James M Sen Inhofe,Mark Kelly,0.0,2.0,2
James M Sen Inhofe,Dianne Feinstein,0.0,2.0,2
James M Sen Inhofe,Patty Murray,2.0,0.0,2
James M Sen Inhofe,Susan M Collins,2.0,0.0,2
James M Sen Inhofe,Michael B Enzi,2.0,0.0,2
James M Sen Inhofe,Richard C Shelby,2.0,0.0,2
John Boozman,Shelley Moore Capito,1.0,1.0,2
John Boozman,Chris Van Hollen,2.0,0.0,2
John Boozman,Marsha Blackburn,2.0,0.0,2
John Boozman,Christopher S Murphy,2.0,0.0,2
John Boozman,Mazie Hirono,1.0,1.0,2
John Boozman,Kirsten Elizabeth Gillibrand,2.0,0.0,2
John Boozman,William M Cassidy,2.0,0.0,2
John Boozman,Gary Peters,0.0,2.0,2
John Boozman,Martin Trevor Heinrich,2.0,0.0,2
John Boozman,Cory Gardner,2.0,0.0,2
John Boozman,Todd Christopher Young,2.0,0.0,2
John Boozman,James Paul Lankford,2.0,0.0,2
John Boozman,Timothy E Scott,2.0,0.0,2
John Boozman,Kyrsten Sinema,2.0,0.0,2
John Boozman,Thomas Cotton,0.0,2.0,2
John Boozman,L Tammy Duckworth,2.0,0.0,2
John Boozman,Steven Daines,2.0,0.0,2
John Boozman,Kevin Cramer,1.0,1.0,2
John Boozman,Martha Mcsally,2.0,0.0,2
John Boozman,Jacky Rosen,0.0,2.0,2
John Boozman,John F Reed,0.0,2.0,2
John Boozman,Bernard Sanders,2.0,0.0,2
John Boozman,Michael Crapo,2.0,0.0,2
John Boozman,Robert Menendez,2.0,0.0,2
John Boozman,Rob Portman,2.0,0.0,2
John Boozman,Sherrod Brown,2.0,0.0,2
John Boozman,Roger F Wicker,2.0,0.0,2
John Boozman,Richard M Burr,2.0,0.0,2
John Boozman,Lindsey O Graham,2.0,0.0,2
John Boozman,Jerry Moran,2.0,0.0,2
John Boozman,Debbie Stabenow,2.0,0.0,2
John Boozman,Roy Blunt,2.0,0.0,2
John Boozman,John Thune,2.0,0.0,2
John Boozman,John Hardy Isakson,1.0,1.0,2
John Boozman,Tom Udall,0.0,2.0,2
John Boozman,Patrick Joseph Toomey,2.0,0.0,2
John Boozman,Tammy Baldwin,2.0,0.0,2
John Boozman,Maria Cantwell,2.0,0.0,2
John Boozman,Lisa Murkowski,0.0,2.0,2
John Boozman,Lamar Alexander,2.0,0.0,2
John Boozman,John Cornyn,2.0,0.0,2
John Boozman,Amy Klobuchar,2.0,0.0,2
John Boozman,Jon Tester,0.0,2.0,2
John Boozman,Robert P Jr Casey,2.0,0.0,2
John Boozman,Sheldon II Whitehouse,2.0,0.0,2
John Boozman,John A Barrasso,0.0,2.0,2
John Boozman,James E Risch,2.0,0.0,2
John Boozman,Jeanne Shaheen,2.0,0.0,2
John Boozman,Jeffrey Alan Merkley,2.0,0.0,2
John Boozman,Mark Robert Warner,2.0,0.0,2
John Boozman,Michael F Bennet,2.0,0.0,2
John Boozman,Joe Manchin III,2.0,0.0,2
John Boozman,Christopher A Coons,2.0,0.0,2
John Boozman,Richard Blumenthal,2.0,0.0,2
John Boozman,Marco Rubio,2.0,0.0,2
John Boozman,Rand Paul,0.0,2.0,2
John Boozman,John Hoeven,2.0,0.0,2
John Boozman,Mike Lee,2.0,0.0,2
John Boozman,Ronald Harold Johnson,0.0,2.0,2
John Boozman,Brian Schatz,2.0,0.0,2
John Boozman,Angus Stanley Jr King,2.0,0.0,2
John Boozman,Elizabeth Warren,2.0,0.0,2
John Boozman,Debra S Fischer,2.0,0.0,2
John Boozman,Rafael Edward Ted Cruz,0.0,2.0,2
John Boozman,Timothy Michael Kaine,2.0,0.0,2
John Boozman,Cory A Booker,2.0,0.0,2
John Boozman,Dan Sullivan,2.0,0.0,2
John Boozman,David Perdue,2.0,0.0,2
John Boozman,Joni K Ernst,2.0,0.0,2
John Boozman,Benjamin E Sasse,2.0,0.0,2
John Boozman,Thom R Tillis,2.0,0.0,2
John Boozman,Mike Rounds,2.0,0.0,2
John Boozman,Catherine Cortez Masto,2.0,0.0,2
John Boozman,Kamala D Harris,2.0,0.0,2
John Boozman,John Neely Kennedy,2.0,0.0,2
John Boozman,Doug Jones,0.0,2.0,2
John Boozman,Tina Flint Smith,2.0,0.0,2
John Boozman,Cindy Hyde Smith,2.0,0.0,2
John Boozman,Mike Braun,2.0,0.0,2
John Boozman,Joshua David Hawley,0.0,2.0,2
John Boozman,Mitt Willard Romney,2.0,0.0,2
John Boozman,Rick Scott,2.0,0.0,2
John Boozman,Kelly Loeffler,2.0,0.0,2
John Boozman,Mark Kelly,0.0,2.0,2
John Boozman,Dianne Feinstein,2.0,0.0,2
John Boozman,Patty Murray,1.0,1.0,2
John Boozman,Susan M Collins,2.0,0.0,2
John Boozman,Michael B Enzi,2.0,0.0,2
John Boozman,Richard C Shelby,2.0,0.0,2
Shelley Moore Capito,Chris Van Hollen,0.0,2.0,2
Shelley Moore Capito,Marsha Blackburn,2.0,0.0,2
Shelley Moore Capito,Christopher S Murphy,1.0,1.0,2
Shelley Moore Capito,Mazie Hirono,2.0,0.0,2
Shelley Moore Capito,Kirsten Elizabeth Gillibrand,2.0,0.0,2
Shelley Moore Capito,William M Cassidy,2.0,0.0,2
Shelley Moore Capito,Gary Peters,0.0,2.0,2
Shelley Moore Capito,Martin Trevor Heinrich,2.0,0.0,2
Shelley Moore Capito,Cory Gardner,1.0,1.0,2
Shelley Moore Capito,Todd Christopher Young,2.0,0.0,2
Shelley Moore Capito,James Paul Lankford,0.0,2.0,2
Shelley Moore Capito,Timothy E Scott,2.0,0.0,2
Shelley Moore Capito,Kyrsten Sinema,0.0,2.0,2
Shelley Moore Capito,Thomas Cotton,0.0,2.0,2
Shelley Moore Capito,L Tammy Duckworth,0.0,2.0,2
Shelley Moore Capito,Steven Daines,0.0,2.0,2
Shelley Moore Capito,Kevin Cramer,0.0,2.0,2
Shelley Moore Capito,Martha Mcsally,2.0,0.0,2
Shelley Moore Capito,Jacky Rosen,0.0,2.0,2
Shelley Moore Capito,John F Reed,0.0,2.0,2
Shelley Moore Capito,Bernard Sanders,2.0,0.0,2
Shelley Moore Capito,Michael Crapo,2.0,0.0,2
Shelley Moore Capito,Robert Menendez,2.0,0.0,2
Shelley Moore Capito,Rob Portman,2.0,0.0,2
Shelley Moore Capito,Sherrod Brown,0.0,2.0,2
Shelley Moore Capito,Roger F Wicker,1.0,1.0,2
Shelley Moore Capito,Richard M Burr,2.0,0.0,2
Shelley Moore Capito,Lindsey O Graham,0.0,2.0,2
Shelley Moore Capito,Jerry Moran,1.0,1.0,2
Shelley Moore Capito,Debbie Stabenow,0.0,2.0,2
Shelley Moore Capito,Roy Blunt,2.0,0.0,2
Shelley Moore Capito,John Thune,0.0,2.0,2
Shelley Moore Capito,John Hardy Isakson,2.0,0.0,2
Shelley Moore Capito,Tom Udall,0.0,2.0,2
Shelley Moore Capito,Patrick Joseph Toomey,1.0,1.0,2
Shelley Moore Capito,Tammy Baldwin,0.0,2.0,2
Shelley Moore Capito,Maria Cantwell,0.0,2.0,2
Shelley Moore Capito,Lisa Murkowski,2.0,0.0,2
Shelley Moore Capito,Lamar Alexander,2.0,0.0,2
Shelley Moore Capito,John Cornyn,2.0,0.0,2
Shelley Moore Capito,Amy Klobuchar,0.0,2.0,2
Shelley Moore Capito,Jon Tester,0.0,2.0,2
Shelley Moore Capito,Robert P Jr Casey,0.0,2.0,2
Shelley Moore Capito,Sheldon II Whitehouse,2.0,0.0,2
Shelley Moore Capito,John A Barrasso,0.0,2.0,2
Shelley Moore Capito,James E Risch,0.0,2.0,2
Shelley Moore Capito,Jeanne Shaheen,0.0,2.0,2
Shelley Moore Capito,Jeffrey Alan Merkley,2.0,0.0,2
Shelley Moore Capito,Mark Robert Warner,0.0,2.0,2
Shelley Moore Capito,Michael F Bennet,2.0,0.0,2
Shelley Moore Capito,Joe Manchin III,0.0,2.0,2
Shelley Moore Capito,Christopher A Coons,2.0,0.0,2
Shelley Moore Capito,Richard Blumenthal,2.0,0.0,2
Shelley Moore Capito,Marco Rubio,2.0,0.0,2
Shelley Moore Capito,Rand Paul,0.0,2.0,2
Shelley Moore Capito,John Hoeven,2.0,0.0,2
Shelley Moore Capito,Mike Lee,2.0,0.0,2
Shelley Moore Capito,Ronald Harold Johnson,2.0,0.0,2
Shelley Moore Capito,Brian Schatz,0.0,2.0,2
Shelley Moore Capito,Angus Stanley Jr King,2.0,0.0,2
Shelley Moore Capito,Elizabeth Warren,0.0,2.0,2
Shelley Moore Capito,Debra S Fischer,2.0,0.0,2
Shelley Moore Capito,Rafael Edward Ted Cruz,0.0,2.0,2
Shelley Moore Capito,Timothy Michael Kaine,2.0,0.0,2
Shelley Moore Capito,Cory A Booker,2.0,0.0,2
Shelley Moore Capito,Dan Sullivan,2.0,0.0,2
Shelley Moore Capito,David Perdue,0.0,2.0,2
Shelley Moore Capito,Joni K Ernst,1.0,1.0,2
Shelley Moore Capito,Benjamin E Sasse,0.0,2.0,2
Shelley Moore Capito,Thom R Tillis,1.0,1.0,2
Shelley Moore Capito,Mike Rounds,2.0,0.0,2
Shelley Moore Capito,Catherine Cortez Masto,2.0,0.0,2
Shelley Moore Capito,Kamala D Harris,0.0,2.0,2
Shelley Moore Capito,John Neely Kennedy,2.0,0.0,2
Shelley Moore Capito,Doug Jones,0.0,2.0,2
Shelley Moore Capito,Tina Flint Smith,0.0,2.0,2
Shelley Moore Capito,Cindy Hyde Smith,2.0,0.0,2
Shelley Moore Capito,Mike Braun,0.0,2.0,2
Shelley Moore Capito,Joshua David Hawley,0.0,2.0,2
Shelley Moore Capito,Mitt Willard Romney,2.0,0.0,2
Shelley Moore Capito,Rick Scott,2.0,0.0,2
Shelley Moore Capito,Kelly Loeffler,2.0,0.0,2
Shelley Moore Capito,Mark Kelly,2.0,0.0,2
Shelley Moore Capito,Dianne Feinstein,0.0,2.0,2
Shelley Moore Capito,Patty Murray,2.0,0.0,2
Shelley Moore Capito,Susan M Collins,1.0,1.0,2
Shelley Moore Capito,Michael B Enzi,0.0,2.0,2
Shelley Moore Capito,Richard C Shelby,0.0,2.0,2
Chris Van Hollen,Marsha Blackburn,0.0,2.0,2
Chris Van Hollen,Christopher S Murphy,2.0,0.0,2
Chris Van Hollen,Mazie Hirono,2.0,0.0,2
Chris Van Hollen,Kirsten Elizabeth Gillibrand,2.0,0.0,2
Chris Van Hollen,William M Cassidy,0.0,2.0,2
Chris Van Hollen,Gary Peters,0.0,2.0,2
Chris Van Hollen,Martin Trevor Heinrich,1.0,1.0,2
Chris Van Hollen,Cory Gardner,0.0,2.0,2
Chris Van Hollen,Todd Christopher Young,2.0,0.0,2
Chris Van Hollen,James Paul Lankford,2.0,0.0,2
Chris Van Hollen,Timothy E Scott,0.0,2.0,2
Chris Van Hollen,Kyrsten Sinema,0.0,2.0,2
Chris Van Hollen,Thomas Cotton,0.0,2.0,2
Chris Van Hollen,L Tammy Duckworth,1.0,1.0,2
Chris Van Hollen,Steven Daines,0.0,2.0,2
Chris Van Hollen,Kevin Cramer,0.0,2.0,2
Chris Van Hollen,Martha Mcsally,0.0,2.0,2
Chris Van Hollen,Jacky Rosen,0.0,2.0,2
Chris Van Hollen,John F Reed,0.0,2.0,2
Chris Van Hollen,Bernard Sanders,0.0,2.0,2
Chris Van Hollen,Michael Crapo,0.0,2.0,2
Chris Van Hollen,Robert Menendez,2.0,0.0,2
Chris Van Hollen,Rob Portman,0.0,2.0,2
Chris Van Hollen,Sherrod Brown,0.0,2.0,2
Chris Van Hollen,Roger F Wicker,0.0,2.0,2
Chris Van Hollen,Richard M Burr,0.0,2.0,2
Chris Van Hollen,Lindsey O Graham,1.0,1.0,2
Chris Van Hollen,Jerry Moran,1.0,1.0,2
Chris Van Hollen,Debbie Stabenow,1.0,1.0,2
Chris Van Hollen,Roy Blunt,0.0,2.0,2
Chris Van Hollen,John Thune,0.0,2.0,2
Chris Van Hollen,John Hardy Isakson,0.0,2.0,2
Chris Van Hollen,Tom Udall,0.0,2.0,2
Chris Van Hollen,Patrick Joseph Toomey,2.0,0.0,2
Chris Van Hollen,Tammy Baldwin,2.0,0.0,2
Chris Van Hollen,Maria Cantwell,2.0,0.0,2
Chris Van Hollen,Lisa Murkowski,0.0,2.0,2
Chris Van Hollen,Lamar Alexander,0.0,2.0,2
Chris Van Hollen,John Cornyn,0.0,2.0,2
Chris Van Hollen,Amy Klobuchar,0.0,2.0,2
Chris Van Hollen,Jon Tester,0.0,2.0,2
Chris Van Hollen,Robert P Jr Casey,1.0,1.0,2
Chris Van Hollen,Sheldon II Whitehouse,2.0,0.0,2
Chris Van Hollen,John A Barrasso,0.0,2.0,2
Chris Van Hollen,James E Risch,0.0,2.0,2
Chris Van Hollen,Jeanne Shaheen,0.0,2.0,2
Chris Van Hollen,Jeffrey Alan Merkley,2.0,0.0,2
Chris Van Hollen,Mark Robert Warner,0.0,2.0,2
Chris Van Hollen,Michael F Bennet,1.0,1.0,2
Chris Van Hollen,Joe Manchin III,0.0,2.0,2
Chris Van Hollen,Christopher A Coons,1.0,1.0,2
Chris Van Hollen,Richard Blumenthal,2.0,0.0,2
Chris Van Hollen,Marco Rubio,0.0,2.0,2
Chris Van Hollen,Rand Paul,0.0,2.0,2
Chris Van Hollen,John Hoeven,0.0,2.0,2
Chris Van Hollen,Mike Lee,0.0,2.0,2
Chris Van Hollen,Ronald Harold Johnson,2.0,0.0,2
Chris Van Hollen,Brian Schatz,0.0,2.0,2
Chris Van Hollen,Angus Stanley Jr King,2.0,0.0,2
Chris Van Hollen,Elizabeth Warren,2.0,0.0,2
Chris Van Hollen,Debra S Fischer,0.0,2.0,2
Chris Van Hollen,Rafael Edward Ted Cruz,0.0,2.0,2
Chris Van Hollen,Timothy Michael Kaine,0.0,2.0,2
Chris Van Hollen,Cory A Booker,2.0,0.0,2
Chris Van Hollen,Dan Sullivan,0.0,2.0,2
Chris Van Hollen,David Perdue,0.0,2.0,2
Chris Van Hollen,Joni K Ernst,0.0,2.0,2
Chris Van Hollen,Benjamin E Sasse,1.0,1.0,2
Chris Van Hollen,Thom R Tillis,0.0,2.0,2
Chris Van Hollen,Mike Rounds,0.0,2.0,2
Chris Van Hollen,Catherine Cortez Masto,0.0,2.0,2
Chris Van Hollen,Kamala D Harris,0.0,2.0,2
Chris Van Hollen,John Neely Kennedy,2.0,0.0,2
Chris Van Hollen,Doug Jones,0.0,2.0,2
Chris Van Hollen,Tina Flint Smith,1.0,1.0,2
Chris Van Hollen,Cindy Hyde Smith,0.0,2.0,2
Chris Van Hollen,Mike Braun,0.0,2.0,2
Chris Van Hollen,Joshua David Hawley,0.0,2.0,2
Chris Van Hollen,Mitt Willard Romney,0.0,2.0,2
Chris Van Hollen,Rick Scott,0.0,2.0,2
Chris Van Hollen,Kelly Loeffler,0.0,2.0,2
Chris Van Hollen,Mark Kelly,1.0,1.0,2
Chris Van Hollen,Dianne Feinstein,1.0,1.0,2
Chris Van Hollen,Patty Murray,0.0,2.0,2
Chris Van Hollen,Susan M Collins,0.0,2.0,2
Chris Van Hollen,Michael B Enzi,0.0,2.0,2
Chris Van Hollen,Richard C Shelby,0.0,2.0,2
Marsha Blackburn,Christopher S Murphy,2.0,0.0,2
Marsha Blackburn,Mazie Hirono,0.0,2.0,2
Marsha Blackburn,Kirsten Elizabeth Gillibrand,2.0,0.0,2
Marsha Blackburn,William M Cassidy,2.0,0.0,2
Marsha Blackburn,Gary Peters,0.0,2.0,2
Marsha Blackburn,Martin Trevor Heinrich,2.0,0.0,2
Marsha Blackburn,Cory Gardner,2.0,0.0,2
Marsha Blackburn,Todd Christopher Young,0.0,2.0,2
Marsha Blackburn,James Paul Lankford,2.0,0.0,2
Marsha Blackburn,Timothy E Scott,2.0,0.0,2
Marsha Blackburn,Kyrsten Sinema,0.0,2.0,2
Marsha Blackburn,Thomas Cotton,0.0,2.0,2
Marsha Blackburn,L Tammy Duckworth,2.0,0.0,2
Marsha Blackburn,Steven Daines,2.0,0.0,2
Marsha Blackburn,Kevin Cramer,2.0,0.0,2
Marsha Blackburn,Martha Mcsally,2.0,0.0,2
Marsha Blackburn,Jacky Rosen,0.0,2.0,2
Marsha Blackburn,John F Reed,0.0,2.0,2
Marsha Blackburn,Bernard Sanders,0.0,2.0,2
Marsha Blackburn,Michael Crapo,2.0,0.0,2
Marsha Blackburn,Robert Menendez,2.0,0.0,2
Marsha Blackburn,Rob Portman,2.0,0.0,2
Marsha Blackburn,Sherrod Brown,2.0,0.0,2
Marsha Blackburn,Roger F Wicker,2.0,0.0,2
Marsha Blackburn,Richard M Burr,2.0,0.0,2
Marsha Blackburn,Lindsey O Graham,0.0,2.0,2
Marsha Blackburn,Jerry Moran,2.0,0.0,2
Marsha Blackburn,Debbie Stabenow,0.0,2.0,2
Marsha Blackburn,Roy Blunt,2.0,0.0,2
Marsha Blackburn,John Thune,2.0,0.0,2
Marsha Blackburn,John Hardy Isakson,2.0,0.0,2
Marsha Blackburn,Tom Udall,0.0,2.0,2
Marsha Blackburn,Patrick Joseph Toomey,2.0,0.0,2
Marsha Blackburn,Tammy Baldwin,2.0,0.0,2
Marsha Blackburn,Maria Cantwell,0.0,2.0,2
Marsha Blackburn,Lisa Murkowski,2.0,0.0,2
Marsha Blackburn,Lamar Alexander,2.0,0.0,2
Marsha Blackburn,John Cornyn,2.0,0.0,2
Marsha Blackburn,Amy Klobuchar,0.0,2.0,2
Marsha Blackburn,Jon Tester,0.0,2.0,2
Marsha Blackburn,Robert P Jr Casey,2.0,0.0,2
Marsha Blackburn,Sheldon II Whitehouse,2.0,0.0,2
Marsha Blackburn,John A Barrasso,0.0,2.0,2
Marsha Blackburn,James E Risch,2.0,0.0,2
Marsha Blackburn,Jeanne Shaheen,0.0,2.0,2
Marsha Blackburn,Jeffrey Alan Merkley,2.0,0.0,2
Marsha Blackburn,Mark Robert Warner,2.0,0.0,2
Marsha Blackburn,Michael F Bennet,2.0,0.0,2
Marsha Blackburn,Joe Manchin III,0.0,2.0,2
Marsha Blackburn,Christopher A Coons,2.0,0.0,2
Marsha Blackburn,Richard Blumenthal,2.0,0.0,2
Marsha Blackburn,Marco Rubio,2.0,0.0,2
Marsha Blackburn,Rand Paul,0.0,2.0,2
Marsha Blackburn,John Hoeven,2.0,0.0,2
Marsha Blackburn,Mike Lee,2.0,0.0,2
Marsha Blackburn,Ronald Harold Johnson,0.0,2.0,2
Marsha Blackburn,Brian Schatz,0.0,2.0,2
Marsha Blackburn,Angus Stanley Jr King,2.0,0.0,2
Marsha Blackburn,Elizabeth Warren,1.0,1.0,2
Marsha Blackburn,Debra S Fischer,2.0,0.0,2
Marsha Blackburn,Rafael Edward Ted Cruz,0.0,2.0,2
Marsha Blackburn,Timothy Michael Kaine,2.0,0.0,2
Marsha Blackburn,Cory A Booker,0.0,2.0,2
Marsha Blackburn,Dan Sullivan,2.0,0.0,2
Marsha Blackburn,David Perdue,2.0,0.0,2
Marsha Blackburn,Joni K Ernst,2.0,0.0,2
Marsha Blackburn,Benjamin E Sasse,2.0,0.0,2
Marsha Blackburn,Thom R Tillis,2.0,0.0,2
Marsha Blackburn,Mike Rounds,2.0,0.0,2
Marsha Blackburn,Catherine Cortez Masto,2.0,0.0,2
Marsha Blackburn,Kamala D Harris,2.0,0.0,2
Marsha Blackburn,John Neely Kennedy,2.0,0.0,2
Marsha Blackburn,Doug Jones,0.0,2.0,2
Marsha Blackburn,Tina Flint Smith,1.0,1.0,2
Marsha Blackburn,Cindy Hyde Smith,2.0,0.0,2
Marsha Blackburn,Mike Braun,2.0,0.0,2
Marsha Blackburn,Joshua David Hawley,0.0,2.0,2
Marsha Blackburn,Mitt Willard Romney,2.0,0.0,2
Marsha Blackburn,Rick Scott,2.0,0.0,2
Marsha Blackburn,Kelly Loeffler,2.0,0.0,2
Marsha Blackburn,Mark Kelly,0.0,2.0,2
Marsha Blackburn,Dianne Feinstein,1.0,1.0,2
Marsha Blackburn,Patty Murray,2.0,0.0,2
Marsha Blackburn,Susan M Collins,2.0,0.0,2
Marsha Blackburn,Michael B Enzi,2.0,0.0,2
Marsha Blackburn,Richard C Shelby,2.0,0.0,2
Christopher S Murphy,Mazie Hirono,2.0,0.0,2
Christopher S Murphy,Kirsten Elizabeth Gillibrand,2.0,0.0,2
Christopher S Murphy,William M Cassidy,0.0,2.0,2
Christopher S Murphy,Gary Peters,0.0,2.0,2
Christopher S Murphy,Martin Trevor Heinrich,2.0,0.0,2
Christopher S Murphy,Cory Gardner,0.0,2.0,2
Christopher S Murphy,Todd Christopher Young,2.0,0.0,2
Christopher S Murphy,James Paul Lankford,0.0,2.0,2
Christopher S Murphy,Timothy E Scott,0.0,2.0,2
Christopher S Murphy,Kyrsten Sinema,0.0,2.0,2
Christopher S Murphy,Thomas Cotton,0.0,2.0,2
Christopher S Murphy,L Tammy Duckworth,0.0,2.0,2
Christopher S Murphy,Steven Daines,0.0,2.0,2
Christopher S Murphy,Kevin Cramer,0.0,2.0,2
Christopher S Murphy,Martha Mcsally,0.0,2.0,2
Christopher S Murphy,Jacky Rosen,0.0,2.0,2
Christopher S Murphy,John F Reed,0.0,2.0,2
Christopher S Murphy,Bernard Sanders,2.0,0.0,2
Christopher S Murphy,Michael Crapo,0.0,2.0,2
Christopher S Murphy,Robert Menendez,0.0,2.0,2
Christopher S Murphy,Rob Portman,0.0,2.0,2
Christopher S Murphy,Sherrod Brown,0.0,2.0,2
Christopher S Murphy,Roger F Wicker,0.0,2.0,2
Christopher S Murphy,Richard M Burr,0.0,2.0,2
Christopher S Murphy,Lindsey O Graham,0.0,2.0,2
Christopher S Murphy,Jerry Moran,0.0,2.0,2
Christopher S Murphy,Debbie Stabenow,0.0,2.0,2
Christopher S Murphy,Roy Blunt,0.0,2.0,2
Christopher S Murphy,John Thune,0.0,2.0,2
Christopher S Murphy,John Hardy Isakson,0.0,2.0,2
Christopher S Murphy,Tom Udall,0.0,2.0,2
Christopher S Murphy,Patrick Joseph Toomey,0.0,2.0,2
Christopher S Murphy,Tammy Baldwin,2.0,0.0,2
Christopher S Murphy,Maria Cantwell,0.0,2.0,2
Christopher S Murphy,Lisa Murkowski,0.0,2.0,2
Christopher S Murphy,Lamar Alexander,0.0,2.0,2
Christopher S Murphy,John Cornyn,0.0,2.0,2
Christopher S Murphy,Amy Klobuchar,0.0,2.0,2
Christopher S Murphy,Jon Tester,0.0,2.0,2
Christopher S Murphy,Robert P Jr Casey,0.0,2.0,2
Christopher S Murphy,Sheldon II Whitehouse,0.0,2.0,2
Christopher S Murphy,John A Barrasso,0.0,2.0,2
Christopher S Murphy,James E Risch,0.0,2.0,2
Christopher S Murphy,Jeanne Shaheen,0.0,2.0,2
Christopher S Murphy,Jeffrey Alan Merkley,2.0,0.0,2
Christopher S Murphy,Mark Robert Warner,0.0,2.0,2
Christopher S Murphy,Michael F Bennet,0.0,2.0,2
Christopher S Murphy,Joe Manchin III,0.0,2.0,2
Christopher S Murphy,Christopher A Coons,0.0,2.0,2
Christopher S Murphy,Richard Blumenthal,0.0,2.0,2
Christopher S Murphy,Marco Rubio,0.0,2.0,2
Christopher S Murphy,Rand Paul,0.0,2.0,2
Christopher S Murphy,John Hoeven,0.0,2.0,2
Christopher S Murphy,Mike Lee,0.0,2.0,2
Christopher S Murphy,Ronald Harold Johnson,0.0,2.0,2
Christopher S Murphy,Brian Schatz,0.0,2.0,2
Christopher S Murphy,Angus Stanley Jr King,2.0,0.0,2
Christopher S Murphy,Elizabeth Warren,2.0,0.0,2
Christopher S Murphy,Debra S Fischer,0.0,2.0,2
Christopher S Murphy,Rafael Edward Ted Cruz,0.0,2.0,2
Christopher S Murphy,Timothy Michael Kaine,2.0,0.0,2
Christopher S Murphy,Cory A Booker,2.0,0.0,2
Christopher S Murphy,Dan Sullivan,0.0,2.0,2
Christopher S Murphy,David Perdue,0.0,2.0,2
Christopher S Murphy,Joni K Ernst,0.0,2.0,2
Christopher S Murphy,Benjamin E Sasse,0.0,2.0,2
Christopher S Murphy,Thom R Tillis,0.0,2.0,2
Christopher S Murphy,Mike Rounds,0.0,2.0,2
Christopher S Murphy,Catherine Cortez Masto,1.0,1.0,2
Christopher S Murphy,Kamala D Harris,1.0,1.0,2
Christopher S Murphy,John Neely Kennedy,0.0,2.0,2
Christopher S Murphy,Doug Jones,0.0,2.0,2
Christopher S Murphy,Tina Flint Smith,0.0,2.0,2
Christopher S Murphy,Cindy Hyde Smith,0.0,2.0,2
Christopher S Murphy,Mike Braun,0.0,2.0,2
Christopher S Murphy,Joshua David Hawley,0.0,2.0,2
Christopher S Murphy,Mitt Willard Romney,0.0,2.0,2
Christopher S Murphy,Rick Scott,0.0,2.0,2
Christopher S Murphy,Kelly Loeffler,0.0,2.0,2
Christopher S Murphy,Mark Kelly,1.0,1.0,2
Christopher S Murphy,Dianne Feinstein,0.0,2.0,2
Christopher S Murphy,Patty Murray,1.0,1.0,2
Christopher S Murphy,Susan M Collins,0.0,2.0,2
Christopher S Murphy,Michael B Enzi,0.0,2.0,2
Christopher S Murphy,Richard C Shelby,0.0,2.0,2
Mazie Hirono,Kirsten Elizabeth Gillibrand,0.0,2.0,2
Mazie Hirono,William M Cassidy,0.0,2.0,2
Mazie Hirono,Gary Peters,0.0,2.0,2
Mazie Hirono,Martin Trevor Heinrich,0.0,2.0,2
Mazie Hirono,Cory Gardner,1.0,1.0,2
Mazie Hirono,Todd Christopher Young,0.0,2.0,2
Mazie Hirono,James Paul Lankford,2.0,0.0,2
Mazie Hirono,Timothy E Scott,2.0,0.0,2
Mazie Hirono,Kyrsten Sinema,2.0,0.0,2
Mazie Hirono,Thomas Cotton,2.0,0.0,2
Mazie Hirono,L Tammy Duckworth,1.0,1.0,2
Mazie Hirono,Steven Daines,0.0,2.0,2
Mazie Hirono,Kevin Cramer,1.0,1.0,2
Mazie Hirono,Martha Mcsally,0.0,2.0,2
Mazie Hirono,Jacky Rosen,0.0,2.0,2
Mazie Hirono,John F Reed,0.0,2.0,2
Mazie Hirono,Bernard Sanders,2.0,0.0,2
Mazie Hirono,Michael Crapo,2.0,0.0,2
Mazie Hirono,Robert Menendez,0.0,2.0,2
Mazie Hirono,Rob Portman,0.0,2.0,2
Mazie Hirono,Sherrod Brown,2.0,0.0,2
Mazie Hirono,Roger F Wicker,0.0,2.0,2
Mazie Hirono,Richard M Burr,0.0,2.0,2
Mazie Hirono,Lindsey O Graham,2.0,0.0,2
Mazie Hirono,Jerry Moran,0.0,2.0,2
Mazie Hirono,Debbie Stabenow,1.0,1.0,2
Mazie Hirono,Roy Blunt,0.0,2.0,2
Mazie Hirono,John Thune,0.0,2.0,2
Mazie Hirono,John Hardy Isakson,0.0,2.0,2
Mazie Hirono,Tom Udall,0.0,2.0,2
Mazie Hirono,Patrick Joseph Toomey,0.0,2.0,2
Mazie Hirono,Tammy Baldwin,2.0,0.0,2
Mazie Hirono,Maria Cantwell,2.0,0.0,2
Mazie Hirono,Lisa Murkowski,0.0,2.0,2
Mazie Hirono,Lamar Alexander,2.0,0.0,2
Mazie Hirono,John Cornyn,0.0,2.0,2
Mazie Hirono,Amy Klobuchar,1.0,1.0,2
Mazie Hirono,Jon Tester,0.0,2.0,2
Mazie Hirono,Robert P Jr Casey,0.0,2.0,2
Mazie Hirono,Sheldon II Whitehouse,0.0,2.0,2
Mazie Hirono,John A Barrasso,2.0,0.0,2
Mazie Hirono,James E Risch,0.0,2.0,2
Mazie Hirono,Jeanne Shaheen,2.0,0.0,2
Mazie Hirono,Jeffrey Alan Merkley,0.0,2.0,2
Mazie Hirono,Mark Robert Warner,2.0,0.0,2
Mazie Hirono,Michael F Bennet,0.0,2.0,2
Mazie Hirono,Joe Manchin III,2.0,0.0,2
Mazie Hirono,Christopher A Coons,1.0,1.0,2
Mazie Hirono,Richard Blumenthal,2.0,0.0,2
Mazie Hirono,Marco Rubio,0.0,2.0,2
Mazie Hirono,Rand Paul,0.0,2.0,2
Mazie Hirono,John Hoeven,0.0,2.0,2
Mazie Hirono,Mike Lee,0.0,2.0,2
Mazie Hirono,Ronald Harold Johnson,2.0,0.0,2
Mazie Hirono,Brian Schatz,0.0,2.0,2
Mazie Hirono,Angus Stanley Jr King,0.0,2.0,2
Mazie Hirono,Elizabeth Warren,2.0,0.0,2
Mazie Hirono,Debra S Fischer,2.0,0.0,2
Mazie Hirono,Rafael Edward Ted Cruz,2.0,0.0,2
Mazie Hirono,Timothy Michael Kaine,2.0,0.0,2
Mazie Hirono,Cory A Booker,2.0,0.0,2
Mazie Hirono,Dan Sullivan,1.0,1.0,2
Mazie Hirono,David Perdue,1.0,1.0,2
Mazie Hirono,Joni K Ernst,1.0,1.0,2
Mazie Hirono,Benjamin E Sasse,2.0,0.0,2
Mazie Hirono,Thom R Tillis,2.0,0.0,2
Mazie Hirono,Mike Rounds,0.0,2.0,2
Mazie Hirono,Catherine Cortez Masto,1.0,1.0,2
Mazie Hirono,Kamala D Harris,0.0,2.0,2
Mazie Hirono,John Neely Kennedy,0.0,2.0,2
Mazie Hirono,Doug Jones,0.0,2.0,2
Mazie Hirono,Tina Flint Smith,2.0,0.0,2
Mazie Hirono,Cindy Hyde Smith,0.0,2.0,2
Mazie Hirono,Mike Braun,0.0,2.0,2
Mazie Hirono,Joshua David Hawley,0.0,2.0,2
Mazie Hirono,Mitt Willard Romney,0.0,2.0,2
Mazie Hirono,Rick Scott,0.0,2.0,2
Mazie Hirono,Kelly Loeffler,2.0,0.0,2
Mazie Hirono,Mark Kelly,1.0,1.0,2
Mazie Hirono,Dianne Feinstein,1.0,1.0,2
Mazie Hirono,Patty Murray,1.0,1.0,2
Mazie Hirono,Susan M Collins,2.0,0.0,2
Mazie Hirono,Michael B Enzi,2.0,0.0,2
Mazie Hirono,Richard C Shelby,2.0,0.0,2
Kirsten Elizabeth Gillibrand,William M Cassidy,0.0,2.0,2
Kirsten Elizabeth Gillibrand,Gary Peters,1.0,1.0,2
Kirsten Elizabeth Gillibrand,Martin Trevor Heinrich,0.0,2.0,2
Kirsten Elizabeth Gillibrand,Cory Gardner,0.0,2.0,2
Kirsten Elizabeth Gillibrand,Todd Christopher Young,0.0,2.0,2
Kirsten Elizabeth Gillibrand,James Paul Lankford,0.0,2.0,2
Kirsten Elizabeth Gillibrand,Timothy E Scott,0.0,2.0,2
Kirsten Elizabeth Gillibrand,Kyrsten Sinema,0.0,2.0,2
Kirsten Elizabeth Gillibrand,Thomas Cotton,0.0,2.0,2
Kirsten Elizabeth Gillibrand,L Tammy Duckworth,1.0,1.0,2
Kirsten Elizabeth Gillibrand,Steven Daines,0.0,2.0,2
Kirsten Elizabeth Gillibrand,Kevin Cramer,0.0,2.0,2
Kirsten Elizabeth Gillibrand,Martha Mcsally,0.0,2.0,2
Kirsten Elizabeth Gillibrand,Jacky Rosen,1.0,1.0,2
Kirsten Elizabeth Gillibrand,John F Reed,0.0,2.0,2
Kirsten Elizabeth Gillibrand,Bernard Sanders,0.0,2.0,2
Kirsten Elizabeth Gillibrand,Michael Crapo,0.0,2.0,2
Kirsten Elizabeth Gillibrand,Robert Menendez,0.0,2.0,2
Kirsten Elizabeth Gillibrand,Rob Portman,0.0,2.0,2
Kirsten Elizabeth Gillibrand,Sherrod Brown,0.0,2.0,2
Kirsten Elizabeth Gillibrand,Roger F Wicker,0.0,2.0,2
Kirsten Elizabeth Gillibrand,Richard M Burr,0.0,2.0,2
Kirsten Elizabeth Gillibrand,Lindsey O Graham,0.0,2.0,2
Kirsten Elizabeth Gillibrand,Jerry Moran,0.0,2.0,2
Kirsten Elizabeth Gillibrand,Debbie Stabenow,1.0,1.0,2
Kirsten Elizabeth Gillibrand,Roy Blunt,0.0,2.0,2
Kirsten Elizabeth Gillibrand,John Thune,0.0,2.0,2
Kirsten Elizabeth Gillibrand,John Hardy Isakson,0.0,2.0,2
Kirsten Elizabeth Gillibrand,Tom Udall,0.0,2.0,2
Kirsten Elizabeth Gillibrand,Patrick Joseph Toomey,0.0,2.0,2
Kirsten Elizabeth Gillibrand,Tammy Baldwin,2.0,0.0,2
Kirsten Elizabeth Gillibrand,Maria Cantwell,0.0,2.0,2
Kirsten Elizabeth Gillibrand,Lisa Murkowski,0.0,2.0,2
Kirsten Elizabeth Gillibrand,Lamar Alexander,0.0,2.0,2
Kirsten Elizabeth Gillibrand,John Cornyn,0.0,2.0,2
Kirsten Elizabeth Gillibrand,Amy Klobuchar,0.0,2.0,2
Kirsten Elizabeth Gillibrand,Jon Tester,0.0,2.0,2
Kirsten Elizabeth Gillibrand,Robert P Jr Casey,0.0,2.0,2
Kirsten Elizabeth Gillibrand,Sheldon II Whitehouse,0.0,2.0,2
Kirsten Elizabeth Gillibrand,John A Barrasso,0.0,2.0,2
Kirsten Elizabeth Gillibrand,James E Risch,0.0,2.0,2
Kirsten Elizabeth Gillibrand,Jeanne Shaheen,0.0,2.0,2
Kirsten Elizabeth Gillibrand,Jeffrey Alan Merkley,0.0,2.0,2
Kirsten Elizabeth Gillibrand,Mark Robert Warner,1.0,1.0,2
Kirsten Elizabeth Gillibrand,Michael F Bennet,1.0,1.0,2
Kirsten Elizabeth Gillibrand,Joe Manchin III,0.0,2.0,2
Kirsten Elizabeth Gillibrand,Christopher A Coons,1.0,1.0,2
Kirsten Elizabeth Gillibrand,Richard Blumenthal,0.0,2.0,2
Kirsten Elizabeth Gillibrand,Marco Rubio,0.0,2.0,2
Kirsten Elizabeth Gillibrand,Rand Paul,0.0,2.0,2
Kirsten Elizabeth Gillibrand,John Hoeven,0.0,2.0,2
Kirsten Elizabeth Gillibrand,Mike Lee,0.0,2.0,2
Kirsten Elizabeth Gillibrand,Ronald Harold Johnson,0.0,2.0,2
Kirsten Elizabeth Gillibrand,Brian Schatz,0.0,2.0,2
Kirsten Elizabeth Gillibrand,Angus Stanley Jr King,0.0,2.0,2
Kirsten Elizabeth Gillibrand,Elizabeth Warren,2.0,0.0,2
Kirsten Elizabeth Gillibrand,Debra S Fischer,0.0,2.0,2
Kirsten Elizabeth Gillibrand,Rafael Edward Ted Cruz,0.0,2.0,2
Kirsten Elizabeth Gillibrand,Timothy Michael Kaine,0.0,2.0,2
Kirsten Elizabeth Gillibrand,Cory A Booker,0.0,2.0,2
Kirsten Elizabeth Gillibrand,Dan Sullivan,0.0,2.0,2
Kirsten Elizabeth Gillibrand,David Perdue,0.0,2.0,2
Kirsten Elizabeth Gillibrand,Joni K Ernst,0.0,2.0,2
Kirsten Elizabeth Gillibrand,Benjamin E Sasse,0.0,2.0,2
Kirsten Elizabeth Gillibrand,Thom R Tillis,0.0,2.0,2
Kirsten Elizabeth Gillibrand,Mike Rounds,0.0,2.0,2
Kirsten Elizabeth Gillibrand,Catherine Cortez Masto,1.0,1.0,2
Kirsten Elizabeth Gillibrand,Kamala D Harris,1.0,1.0,2
Kirsten Elizabeth Gillibrand,John Neely Kennedy,0.0,2.0,2
Kirsten Elizabeth Gillibrand,Doug Jones,0.0,2.0,2
Kirsten Elizabeth Gillibrand,Tina Flint Smith,0.0,2.0,2
Kirsten Elizabeth Gillibrand,Cindy Hyde Smith,0.0,2.0,2
Kirsten Elizabeth Gillibrand,Mike Braun,0.0,2.0,2
Kirsten Elizabeth Gillibrand,Joshua David Hawley,0.0,2.0,2
Kirsten Elizabeth Gillibrand,Mitt Willard Romney,0.0,2.0,2
Kirsten Elizabeth Gillibrand,Rick Scott,0.0,2.0,2
Kirsten Elizabeth Gillibrand,Kelly Loeffler,0.0,2.0,2
Kirsten Elizabeth Gillibrand,Mark Kelly,1.0,1.0,2
Kirsten Elizabeth Gillibrand,Dianne Feinstein,0.0,2.0,2
Kirsten Elizabeth Gillibrand,Patty Murray,0.0,2.0,2
Kirsten Elizabeth Gillibrand,Susan M Collins,0.0,2.0,2
Kirsten Elizabeth Gillibrand,Michael B Enzi,0.0,2.0,2
Kirsten Elizabeth Gillibrand,Richard C Shelby,0.0,2.0,2
William M Cassidy,Gary Peters,0.0,2.0,2
William M Cassidy,Martin Trevor Heinrich,2.0,0.0,2
William M Cassidy,Cory Gardner,2.0,0.0,2
William M Cassidy,Todd Christopher Young,2.0,0.0,2
William M Cassidy,James Paul Lankford,0.0,2.0,2
William M Cassidy,Timothy E Scott,1.0,1.0,2
William M Cassidy,Kyrsten Sinema,0.0,2.0,2
William M Cassidy,Thomas Cotton,2.0,0.0,2
William M Cassidy,L Tammy Duckworth,1.0,1.0,2
William M Cassidy,Steven Daines,2.0,0.0,2
William M Cassidy,Kevin Cramer,2.0,0.0,2
William M Cassidy,Martha Mcsally,2.0,0.0,2
William M Cassidy,Jacky Rosen,0.0,2.0,2
William M Cassidy,John F Reed,0.0,2.0,2
William M Cassidy,Bernard Sanders,0.0,2.0,2
William M Cassidy,Michael Crapo,2.0,0.0,2
William M Cassidy,Robert Menendez,2.0,0.0,2
William M Cassidy,Rob Portman,2.0,0.0,2
William M Cassidy,Sherrod Brown,0.0,2.0,2
William M Cassidy,Roger F Wicker,2.0,0.0,2
William M Cassidy,Richard M Burr,2.0,0.0,2
William M Cassidy,Lindsey O Graham,2.0,0.0,2
William M Cassidy,Jerry Moran,2.0,0.0,2
William M Cassidy,Debbie Stabenow,0.0,2.0,2
William M Cassidy,Roy Blunt,2.0,0.0,2
William M Cassidy,John Thune,1.0,1.0,2
William M Cassidy,John Hardy Isakson,2.0,0.0,2
William M Cassidy,Tom Udall,2.0,0.0,2
William M Cassidy,Patrick Joseph Toomey,1.0,1.0,2
William M Cassidy,Tammy Baldwin,2.0,0.0,2
William M Cassidy,Maria Cantwell,0.0,2.0,2
William M Cassidy,Lisa Murkowski,2.0,0.0,2
William M Cassidy,Lamar Alexander,1.0,1.0,2
William M Cassidy,John Cornyn,2.0,0.0,2
William M Cassidy,Amy Klobuchar,0.0,2.0,2
William M Cassidy,Jon Tester,0.0,2.0,2
William M Cassidy,Robert P Jr Casey,2.0,0.0,2
William M Cassidy,Sheldon II Whitehouse,2.0,0.0,2
William M Cassidy,John A Barrasso,0.0,2.0,2
William M Cassidy,James E Risch,2.0,0.0,2
William M Cassidy,Jeanne Shaheen,0.0,2.0,2
William M Cassidy,Jeffrey Alan Merkley,2.0,0.0,2
William M Cassidy,Mark Robert Warner,2.0,0.0,2
William M Cassidy,Michael F Bennet,2.0,0.0,2
William M Cassidy,Joe Manchin III,0.0,2.0,2
William M Cassidy,Christopher A Coons,2.0,0.0,2
William M Cassidy,Richard Blumenthal,2.0,0.0,2
William M Cassidy,Marco Rubio,1.0,1.0,2
William M Cassidy,Rand Paul,0.0,2.0,2
William M Cassidy,John Hoeven,2.0,0.0,2
William M Cassidy,Mike Lee,2.0,0.0,2
William M Cassidy,Ronald Harold Johnson,2.0,0.0,2
William M Cassidy,Brian Schatz,0.0,2.0,2
William M Cassidy,Angus Stanley Jr King,2.0,0.0,2
William M Cassidy,Elizabeth Warren,0.0,2.0,2
William M Cassidy,Debra S Fischer,2.0,0.0,2
William M Cassidy,Rafael Edward Ted Cruz,0.0,2.0,2
William M Cassidy,Timothy Michael Kaine,2.0,0.0,2
William M Cassidy,Cory A Booker,2.0,0.0,2
William M Cassidy,Dan Sullivan,2.0,0.0,2
William M Cassidy,David Perdue,2.0,0.0,2
William M Cassidy,Joni K Ernst,2.0,0.0,2
William M Cassidy,Benjamin E Sasse,0.0,2.0,2
William M Cassidy,Thom R Tillis,2.0,0.0,2
William M Cassidy,Mike Rounds,2.0,0.0,2
William M Cassidy,Catherine Cortez Masto,2.0,0.0,2
William M Cassidy,Kamala D Harris,0.0,2.0,2
William M Cassidy,John Neely Kennedy,0.0,2.0,2
William M Cassidy,Doug Jones,0.0,2.0,2
William M Cassidy,Tina Flint Smith,0.0,2.0,2
William M Cassidy,Cindy Hyde Smith,2.0,0.0,2
William M Cassidy,Mike Braun,2.0,0.0,2
William M Cassidy,Joshua David Hawley,0.0,2.0,2
William M Cassidy,Mitt Willard Romney,2.0,0.0,2
William M Cassidy,Rick Scott,2.0,0.0,2
William M Cassidy,Kelly Loeffler,2.0,0.0,2
William M Cassidy,Mark Kelly,0.0,2.0,2
William M Cassidy,Dianne Feinstein,0.0,2.0,2
William M Cassidy,Patty Murray,0.0,2.0,2
William M Cassidy,Susan M Collins,2.0,0.0,2
William M Cassidy,Michael B Enzi,2.0,0.0,2
William M Cassidy,Richard C Shelby,1.0,1.0,2
Gary Peters,Martin Trevor Heinrich,1.0,1.0,2
Gary Peters,Cory Gardner,0.0,2.0,2
Gary Peters,Todd Christopher Young,2.0,0.0,2
Gary Peters,James Paul Lankford,2.0,0.0,2
Gary Peters,Timothy E Scott,2.0,0.0,2
Gary Peters,Kyrsten Sinema,2.0,0.0,2
Gary Peters,Thomas Cotton,2.0,0.0,2
Gary Peters,L Tammy Duckworth,1.0,1.0,2
Gary Peters,Steven Daines,2.0,0.0,2
Gary Peters,Kevin Cramer,2.0,0.0,2
Gary Peters,Martha Mcsally,2.0,0.0,2
Gary Peters,Jacky Rosen,1.0,1.0,2
Gary Peters,John F Reed,1.0,1.0,2
Gary Peters,Bernard Sanders,2.0,0.0,2
Gary Peters,Michael Crapo,2.0,0.0,2
Gary Peters,Robert Menendez,2.0,0.0,2
Gary Peters,Rob Portman,0.0,2.0,2
Gary Peters,Sherrod Brown,2.0,0.0,2
Gary Peters,Roger F Wicker,2.0,0.0,2
Gary Peters,Richard M Burr,0.0,2.0,2
Gary Peters,Lindsey O Graham,2.0,0.0,2
Gary Peters,Jerry Moran,0.0,2.0,2
Gary Peters,Debbie Stabenow,2.0,0.0,2
Gary Peters,Roy Blunt,0.0,2.0,2
Gary Peters,John Thune,0.0,2.0,2
Gary Peters,John Hardy Isakson,2.0,0.0,2
Gary Peters,Tom Udall,0.0,2.0,2
Gary Peters,Patrick Joseph Toomey,0.0,2.0,2
Gary Peters,Tammy Baldwin,2.0,0.0,2
Gary Peters,Maria Cantwell,2.0,0.0,2
Gary Peters,Lisa Murkowski,2.0,0.0,2
Gary Peters,Lamar Alexander,2.0,0.0,2
Gary Peters,John Cornyn,0.0,2.0,2
Gary Peters,Amy Klobuchar,2.0,0.0,2
Gary Peters,Jon Tester,1.0,1.0,2
Gary Peters,Robert P Jr Casey,1.0,1.0,2
Gary Peters,Sheldon II Whitehouse,2.0,0.0,2
Gary Peters,John A Barrasso,2.0,0.0,2
Gary Peters,James E Risch,2.0,0.0,2
Gary Peters,Jeanne Shaheen,2.0,0.0,2
Gary Peters,Jeffrey Alan Merkley,2.0,0.0,2
Gary Peters,Mark Robert Warner,2.0,0.0,2
Gary Peters,Michael F Bennet,2.0,0.0,2
Gary Peters,Joe Manchin III,2.0,0.0,2
Gary Peters,Christopher A Coons,0.0,2.0,2
Gary Peters,Richard Blumenthal,0.0,2.0,2
Gary Peters,Marco Rubio,1.0,1.0,2
Gary Peters,Rand Paul,0.0,2.0,2
Gary Peters,John Hoeven,1.0,1.0,2
Gary Peters,Mike Lee,0.0,2.0,2
Gary Peters,Ronald Harold Johnson,0.0,2.0,2
Gary Peters,Brian Schatz,2.0,0.0,2
Gary Peters,Angus Stanley Jr King,0.0,2.0,2
Gary Peters,Elizabeth Warren,2.0,0.0,2
Gary Peters,Debra S Fischer,2.0,0.0,2
Gary Peters,Rafael Edward Ted Cruz,2.0,0.0,2
Gary Peters,Timothy Michael Kaine,0.0,2.0,2
Gary Peters,Cory A Booker,2.0,0.0,2
Gary Peters,Dan Sullivan,2.0,0.0,2
Gary Peters,David Perdue,0.0,2.0,2
Gary Peters,Joni K Ernst,0.0,2.0,2
Gary Peters,Benjamin E Sasse,2.0,0.0,2
Gary Peters,Thom R Tillis,1.0,1.0,2
Gary Peters,Mike Rounds,1.0,1.0,2
Gary Peters,Catherine Cortez Masto,0.0,2.0,2
Gary Peters,Kamala D Harris,2.0,0.0,2
Gary Peters,John Neely Kennedy,0.0,2.0,2
Gary Peters,Doug Jones,0.0,2.0,2
Gary Peters,Tina Flint Smith,0.0,2.0,2
Gary Peters,Cindy Hyde Smith,2.0,0.0,2
Gary Peters,Mike Braun,0.0,2.0,2
Gary Peters,Joshua David Hawley,0.0,2.0,2
Gary Peters,Mitt Willard Romney,1.0,1.0,2
Gary Peters,Rick Scott,0.0,2.0,2
Gary Peters,Kelly Loeffler,0.0,2.0,2
Gary Peters,Mark Kelly,1.0,1.0,2
Gary Peters,Dianne Feinstein,2.0,0.0,2
Gary Peters,Patty Murray,2.0,0.0,2
Gary Peters,Susan M Collins,2.0,0.0,2
Gary Peters,Michael B Enzi,2.0,0.0,2
Gary Peters,Richard C Shelby,0.0,2.0,2
Martin Trevor Heinrich,Cory Gardner,0.0,2.0,2
Martin Trevor Heinrich,Todd Christopher Young,1.0,1.0,2
Martin Trevor Heinrich,James Paul Lankford,0.0,2.0,2
Martin Trevor Heinrich,Timothy E Scott,0.0,2.0,2
Martin Trevor Heinrich,Kyrsten Sinema,2.0,0.0,2
Martin Trevor Heinrich,Thomas Cotton,0.0,2.0,2
Martin Trevor Heinrich,L Tammy Duckworth,1.0,1.0,2
Martin Trevor Heinrich,Steven Daines,0.0,2.0,2
Martin Trevor Heinrich,Kevin Cramer,0.0,2.0,2
Martin Trevor Heinrich,Martha Mcsally,0.0,2.0,2
Martin Trevor Heinrich,Jacky Rosen,0.0,2.0,2
Martin Trevor Heinrich,John F Reed,0.0,2.0,2
Martin Trevor Heinrich,Bernard Sanders,0.0,2.0,2
Martin Trevor Heinrich,Michael Crapo,0.0,2.0,2
Martin Trevor Heinrich,Robert Menendez,0.0,2.0,2
Martin Trevor Heinrich,Rob Portman,0.0,2.0,2
Martin Trevor Heinrich,Sherrod Brown,2.0,0.0,2
Martin Trevor Heinrich,Roger F Wicker,0.0,2.0,2
Martin Trevor Heinrich,Richard M Burr,0.0,2.0,2
Martin Trevor Heinrich,Lindsey O Graham,0.0,2.0,2
Martin Trevor Heinrich,Jerry Moran,0.0,2.0,2
Martin Trevor Heinrich,Debbie Stabenow,1.0,1.0,2
Martin Trevor Heinrich,Roy Blunt,0.0,2.0,2
Martin Trevor Heinrich,John Thune,0.0,2.0,2
Martin Trevor Heinrich,John Hardy Isakson,0.0,2.0,2
Martin Trevor Heinrich,Tom Udall,0.0,2.0,2
Martin Trevor Heinrich,Patrick Joseph Toomey,0.0,2.0,2
Martin Trevor Heinrich,Tammy Baldwin,2.0,0.0,2
Martin Trevor Heinrich,Maria Cantwell,0.0,2.0,2
Martin Trevor Heinrich,Lisa Murkowski,0.0,2.0,2
Martin Trevor Heinrich,Lamar Alexander,0.0,2.0,2
Martin Trevor Heinrich,John Cornyn,0.0,2.0,2
Martin Trevor Heinrich,Amy Klobuchar,0.0,2.0,2
Martin Trevor Heinrich,Jon Tester,0.0,2.0,2
Martin Trevor Heinrich,Robert P Jr Casey,0.0,2.0,2
Martin Trevor Heinrich,Sheldon II Whitehouse,0.0,2.0,2
Martin Trevor Heinrich,John A Barrasso,0.0,2.0,2
Martin Trevor Heinrich,James E Risch,0.0,2.0,2
Martin Trevor Heinrich,Jeanne Shaheen,0.0,2.0,2
Martin Trevor Heinrich,Jeffrey Alan Merkley,2.0,0.0,2
Martin Trevor Heinrich,Mark Robert Warner,0.0,2.0,2
Martin Trevor Heinrich,Michael F Bennet,0.0,2.0,2
Martin Trevor Heinrich,Joe Manchin III,0.0,2.0,2
Martin Trevor Heinrich,Christopher A Coons,0.0,2.0,2
Martin Trevor Heinrich,Richard Blumenthal,0.0,2.0,2
Martin Trevor Heinrich,Marco Rubio,0.0,2.0,2
Martin Trevor Heinrich,Rand Paul,0.0,2.0,2
Martin Trevor Heinrich,John Hoeven,0.0,2.0,2
Martin Trevor Heinrich,Mike Lee,0.0,2.0,2
Martin Trevor Heinrich,Ronald Harold Johnson,0.0,2.0,2
Martin Trevor Heinrich,Brian Schatz,0.0,2.0,2
Martin Trevor Heinrich,Angus Stanley Jr King,0.0,2.0,2
Martin Trevor Heinrich,Elizabeth Warren,2.0,0.0,2
Martin Trevor Heinrich,Debra S Fischer,0.0,2.0,2
Martin Trevor Heinrich,Rafael Edward Ted Cruz,0.0,2.0,2
Martin Trevor Heinrich,Timothy Michael Kaine,0.0,2.0,2
Martin Trevor Heinrich,Cory A Booker,2.0,0.0,2
Martin Trevor Heinrich,Dan Sullivan,0.0,2.0,2
Martin Trevor Heinrich,David Perdue,0.0,2.0,2
Martin Trevor Heinrich,Joni K Ernst,0.0,2.0,2
Martin Trevor Heinrich,Benjamin E Sasse,0.0,2.0,2
Martin Trevor Heinrich,Thom R Tillis,0.0,2.0,2
Martin Trevor Heinrich,Mike Rounds,0.0,2.0,2
Martin Trevor Heinrich,Catherine Cortez Masto,1.0,1.0,2
Martin Trevor Heinrich,Kamala D Harris,0.0,2.0,2
Martin Trevor Heinrich,John Neely Kennedy,0.0,2.0,2
Martin Trevor Heinrich,Doug Jones,0.0,2.0,2
Martin Trevor Heinrich,Tina Flint Smith,0.0,2.0,2
Martin Trevor Heinrich,Cindy Hyde Smith,0.0,2.0,2
Martin Trevor Heinrich,Mike Braun,0.0,2.0,2
Martin Trevor Heinrich,Joshua David Hawley,0.0,2.0,2
Martin Trevor Heinrich,Mitt Willard Romney,0.0,2.0,2
Martin Trevor Heinrich,Rick Scott,0.0,2.0,2
Martin Trevor Heinrich,Kelly Loeffler,0.0,2.0,2
Martin Trevor Heinrich,Mark Kelly,1.0,1.0,2
Martin Trevor Heinrich,Dianne Feinstein,0.0,2.0,2
Martin Trevor Heinrich,Patty Murray,0.0,2.0,2
Martin Trevor Heinrich,Susan M Collins,0.0,2.0,2
Martin Trevor Heinrich,Michael B Enzi,0.0,2.0,2
Martin Trevor Heinrich,Richard C Shelby,0.0,2.0,2
Cory Gardner,Todd Christopher Young,2.0,0.0,2
Cory Gardner,James Paul Lankford,0.0,2.0,2
Cory Gardner,Timothy E Scott,0.0,2.0,2
Cory Gardner,Kyrsten Sinema,2.0,0.0,2
Cory Gardner,Thomas Cotton,0.0,2.0,2
Cory Gardner,L Tammy Duckworth,2.0,0.0,2
Cory Gardner,Steven Daines,0.0,2.0,2
Cory Gardner,Kevin Cramer,1.0,1.0,2
Cory Gardner,Martha Mcsally,2.0,0.0,2
Cory Gardner,Jacky Rosen,0.0,2.0,2
Cory Gardner,John F Reed,0.0,2.0,2
Cory Gardner,Bernard Sanders,2.0,0.0,2
Cory Gardner,Michael Crapo,1.0,1.0,2
Cory Gardner,Robert Menendez,2.0,0.0,2
Cory Gardner,Rob Portman,2.0,0.0,2
Cory Gardner,Sherrod Brown,2.0,0.0,2
Cory Gardner,Roger F Wicker,1.0,1.0,2
Cory Gardner,Richard M Burr,2.0,0.0,2
Cory Gardner,Lindsey O Graham,0.0,2.0,2
Cory Gardner,Jerry Moran,1.0,1.0,2
Cory Gardner,Debbie Stabenow,2.0,0.0,2
Cory Gardner,Roy Blunt,1.0,1.0,2
Cory Gardner,John Thune,0.0,2.0,2
Cory Gardner,John Hardy Isakson,1.0,1.0,2
Cory Gardner,Tom Udall,2.0,0.0,2
Cory Gardner,Patrick Joseph Toomey,1.0,1.0,2
Cory Gardner,Tammy Baldwin,2.0,0.0,2
Cory Gardner,Maria Cantwell,2.0,0.0,2
Cory Gardner,Lisa Murkowski,2.0,0.0,2
Cory Gardner,Lamar Alexander,2.0,0.0,2
Cory Gardner,John Cornyn,2.0,0.0,2
Cory Gardner,Amy Klobuchar,2.0,0.0,2
Cory Gardner,Jon Tester,0.0,2.0,2
Cory Gardner,Robert P Jr Casey,2.0,0.0,2
Cory Gardner,Sheldon II Whitehouse,2.0,0.0,2
Cory Gardner,John A Barrasso,0.0,2.0,2
Cory Gardner,James E Risch,0.0,2.0,2
Cory Gardner,Jeanne Shaheen,2.0,0.0,2
Cory Gardner,Jeffrey Alan Merkley,2.0,0.0,2
Cory Gardner,Mark Robert Warner,2.0,0.0,2
Cory Gardner,Michael F Bennet,2.0,0.0,2
Cory Gardner,Joe Manchin III,2.0,0.0,2
Cory Gardner,Christopher A Coons,2.0,0.0,2
Cory Gardner,Richard Blumenthal,2.0,0.0,2
Cory Gardner,Marco Rubio,2.0,0.0,2
Cory Gardner,Rand Paul,0.0,2.0,2
Cory Gardner,John Hoeven,0.0,2.0,2
Cory Gardner,Mike Lee,0.0,2.0,2
Cory Gardner,Ronald Harold Johnson,0.0,2.0,2
Cory Gardner,Brian Schatz,1.0,1.0,2
Cory Gardner,Angus Stanley Jr King,2.0,0.0,2
Cory Gardner,Elizabeth Warren,2.0,0.0,2
Cory Gardner,Debra S Fischer,0.0,2.0,2
Cory Gardner,Rafael Edward Ted Cruz,0.0,2.0,2
Cory Gardner,Timothy Michael Kaine,2.0,0.0,2
Cory Gardner,Cory A Booker,2.0,0.0,2
Cory Gardner,Dan Sullivan,1.0,1.0,2
Cory Gardner,David Perdue,0.0,2.0,2
Cory Gardner,Joni K Ernst,2.0,0.0,2
Cory Gardner,Benjamin E Sasse,0.0,2.0,2
Cory Gardner,Thom R Tillis,2.0,0.0,2
Cory Gardner,Mike Rounds,1.0,1.0,2
Cory Gardner,Catherine Cortez Masto,2.0,0.0,2
Cory Gardner,Kamala D Harris,2.0,0.0,2
Cory Gardner,John Neely Kennedy,1.0,1.0,2
Cory Gardner,Doug Jones,0.0,2.0,2
Cory Gardner,Tina Flint Smith,2.0,0.0,2
Cory Gardner,Cindy Hyde Smith,2.0,0.0,2
Cory Gardner,Mike Braun,2.0,0.0,2
Cory Gardner,Joshua David Hawley,0.0,2.0,2
Cory Gardner,Mitt Willard Romney,2.0,0.0,2
Cory Gardner,Rick Scott,0.0,2.0,2
Cory Gardner,Kelly Loeffler,1.0,1.0,2
Cory Gardner,Mark Kelly,0.0,2.0,2
Cory Gardner,Dianne Feinstein,2.0,0.0,2
Cory Gardner,Patty Murray,1.0,1.0,2
Cory Gardner,Susan M Collins,0.0,2.0,2
Cory Gardner,Michael B Enzi,0.0,2.0,2
Cory Gardner,Richard C Shelby,0.0,2.0,2
Todd Christopher Young,James Paul Lankford,0.0,2.0,2
Todd Christopher Young,Timothy E Scott,1.0,1.0,2
Todd Christopher Young,Kyrsten Sinema,2.0,0.0,2
Todd Christopher Young,Thomas Cotton,2.0,0.0,2
Todd Christopher Young,L Tammy Duckworth,2.0,0.0,2
Todd Christopher Young,Steven Daines,0.0,2.0,2
Todd Christopher Young,Kevin Cramer,0.0,2.0,2
Todd Christopher Young,Martha Mcsally,0.0,2.0,2
Todd Christopher Young,Jacky Rosen,0.0,2.0,2
Todd Christopher Young,John F Reed,2.0,0.0,2
Todd Christopher Young,Bernard Sanders,2.0,0.0,2
Todd Christopher Young,Michael Crapo,1.0,1.0,2
Todd Christopher Young,Robert Menendez,0.0,2.0,2
Todd Christopher Young,Rob Portman,2.0,0.0,2
Todd Christopher Young,Sherrod Brown,0.0,2.0,2
Todd Christopher Young,Roger F Wicker,0.0,2.0,2
Todd Christopher Young,Richard M Burr,0.0,2.0,2
Todd Christopher Young,Lindsey O Graham,0.0,2.0,2
Todd Christopher Young,Jerry Moran,1.0,1.0,2
Todd Christopher Young,Debbie Stabenow,0.0,2.0,2
Todd Christopher Young,Roy Blunt,2.0,0.0,2
Todd Christopher Young,John Thune,1.0,1.0,2
Todd Christopher Young,John Hardy Isakson,2.0,0.0,2
Todd Christopher Young,Tom Udall,2.0,0.0,2
Todd Christopher Young,Patrick Joseph Toomey,1.0,1.0,2
Todd Christopher Young,Tammy Baldwin,2.0,0.0,2
Todd Christopher Young,Maria Cantwell,0.0,2.0,2
Todd Christopher Young,Lisa Murkowski,2.0,0.0,2
Todd Christopher Young,Lamar Alexander,2.0,0.0,2
Todd Christopher Young,John Cornyn,0.0,2.0,2
Todd Christopher Young,Amy Klobuchar,0.0,2.0,2
Todd Christopher Young,Jon Tester,0.0,2.0,2
Todd Christopher Young,Robert P Jr Casey,0.0,2.0,2
Todd Christopher Young,Sheldon II Whitehouse,2.0,0.0,2
Todd Christopher Young,John A Barrasso,2.0,0.0,2
Todd Christopher Young,James E Risch,0.0,2.0,2
Todd Christopher Young,Jeanne Shaheen,0.0,2.0,2
Todd Christopher Young,Jeffrey Alan Merkley,2.0,0.0,2
Todd Christopher Young,Mark Robert Warner,0.0,2.0,2
Todd Christopher Young,Michael F Bennet,2.0,0.0,2
Todd Christopher Young,Joe Manchin III,0.0,2.0,2
Todd Christopher Young,Christopher A Coons,0.0,2.0,2
Todd Christopher Young,Richard Blumenthal,0.0,2.0,2
Todd Christopher Young,Marco Rubio,2.0,0.0,2
Todd Christopher Young,Rand Paul,2.0,0.0,2
Todd Christopher Young,John Hoeven,2.0,0.0,2
Todd Christopher Young,Mike Lee,0.0,2.0,2
Todd Christopher Young,Ronald Harold Johnson,2.0,0.0,2
Todd Christopher Young,Brian Schatz,2.0,0.0,2
Todd Christopher Young,Angus Stanley Jr King,0.0,2.0,2
Todd Christopher Young,Elizabeth Warren,0.0,2.0,2
Todd Christopher Young,Debra S Fischer,2.0,0.0,2
Todd Christopher Young,Rafael Edward Ted Cruz,1.0,1.0,2
Todd Christopher Young,Timothy Michael Kaine,0.0,2.0,2
Todd Christopher Young,Cory A Booker,2.0,0.0,2
Todd Christopher Young,Dan Sullivan,0.0,2.0,2
Todd Christopher Young,David Perdue,0.0,2.0,2
Todd Christopher Young,Joni K Ernst,1.0,1.0,2
Todd Christopher Young,Benjamin E Sasse,2.0,0.0,2
Todd Christopher Young,Thom R Tillis,0.0,2.0,2
Todd Christopher Young,Mike Rounds,1.0,1.0,2
Todd Christopher Young,Catherine Cortez Masto,2.0,0.0,2
Todd Christopher Young,Kamala D Harris,0.0,2.0,2
Todd Christopher Young,John Neely Kennedy,2.0,0.0,2
Todd Christopher Young,Doug Jones,1.0,1.0,2
Todd Christopher Young,Tina Flint Smith,2.0,0.0,2
Todd Christopher Young,Cindy Hyde Smith,1.0,1.0,2
Todd Christopher Young,Mike Braun,2.0,0.0,2
Todd Christopher Young,Joshua David Hawley,0.0,2.0,2
Todd Christopher Young,Mitt Willard Romney,0.0,2.0,2
Todd Christopher Young,Rick Scott,1.0,1.0,2
Todd Christopher Young,Kelly Loeffler,1.0,1.0,2
Todd Christopher Young,Mark Kelly,0.0,2.0,2
Todd Christopher Young,Dianne Feinstein,2.0,0.0,2
Todd Christopher Young,Patty Murray,0.0,2.0,2
Todd Christopher Young,Susan M Collins,0.0,2.0,2
Todd Christopher Young,Michael B Enzi,0.0,2.0,2
Todd Christopher Young,Richard C Shelby,0.0,2.0,2
James Paul Lankford,Timothy E Scott,2.0,0.0,2
James Paul Lankford,Kyrsten Sinema,0.0,2.0,2
James Paul Lankford,Thomas Cotton,0.0,2.0,2
James Paul Lankford,L Tammy Duckworth,0.0,2.0,2
James Paul Lankford,Steven Daines,2.0,0.0,2
James Paul Lankford,Kevin Cramer,2.0,0.0,2
James Paul Lankford,Martha Mcsally,2.0,0.0,2
James Paul Lankford,Jacky Rosen,0.0,2.0,2
James Paul Lankford,John F Reed,0.0,2.0,2
James Paul Lankford,Bernard Sanders,0.0,2.0,2
James Paul Lankford,Michael Crapo,2.0,0.0,2
James Paul Lankford,Robert Menendez,2.0,0.0,2
James Paul Lankford,Rob Portman,2.0,0.0,2
James Paul Lankford,Sherrod Brown,0.0,2.0,2
James Paul Lankford,Roger F Wicker,2.0,0.0,2
James Paul Lankford,Richard M Burr,2.0,0.0,2
James Paul Lankford,Lindsey O Graham,2.0,0.0,2
James Paul Lankford,Jerry Moran,2.0,0.0,2
James Paul Lankford,Debbie Stabenow,0.0,2.0,2
James Paul Lankford,Roy Blunt,2.0,0.0,2
James Paul Lankford,John Thune,2.0,0.0,2
James Paul Lankford,John Hardy Isakson,2.0,0.0,2
James Paul Lankford,Tom Udall,0.0,2.0,2
James Paul Lankford,Patrick Joseph Toomey,2.0,0.0,2
James Paul Lankford,Tammy Baldwin,2.0,0.0,2
James Paul Lankford,Maria Cantwell,0.0,2.0,2
James Paul Lankford,Lisa Murkowski,2.0,0.0,2
James Paul Lankford,Lamar Alexander,1.0,1.0,2
James Paul Lankford,John Cornyn,2.0,0.0,2
James Paul Lankford,Amy Klobuchar,0.0,2.0,2
James Paul Lankford,Jon Tester,0.0,2.0,2
James Paul Lankford,Robert P Jr Casey,0.0,2.0,2
James Paul Lankford,Sheldon II Whitehouse,2.0,0.0,2
James Paul Lankford,John A Barrasso,2.0,0.0,2
James Paul Lankford,James E Risch,2.0,0.0,2
James Paul Lankford,Jeanne Shaheen,0.0,2.0,2
James Paul Lankford,Jeffrey Alan Merkley,2.0,0.0,2
James Paul Lankford,Mark Robert Warner,0.0,2.0,2
James Paul Lankford,Michael F Bennet,2.0,0.0,2
James Paul Lankford,Joe Manchin III,0.0,2.0,2
James Paul Lankford,Christopher A Coons,1.0,1.0,2
James Paul Lankford,Richard Blumenthal,0.0,2.0,2
James Paul Lankford,Marco Rubio,2.0,0.0,2
James Paul Lankford,Rand Paul,2.0,0.0,2
James Paul Lankford,John Hoeven,2.0,0.0,2
James Paul Lankford,Mike Lee,0.0,2.0,2
James Paul Lankford,Ronald Harold Johnson,1.0,1.0,2
James Paul Lankford,Brian Schatz,2.0,0.0,2
James Paul Lankford,Angus Stanley Jr King,2.0,0.0,2
James Paul Lankford,Elizabeth Warren,0.0,2.0,2
James Paul Lankford,Debra S Fischer,2.0,0.0,2
James Paul Lankford,Rafael Edward Ted Cruz,0.0,2.0,2
James Paul Lankford,Timothy Michael Kaine,2.0,0.0,2
James Paul Lankford,Cory A Booker,2.0,0.0,2
James Paul Lankford,Dan Sullivan,1.0,1.0,2
James Paul Lankford,David Perdue,1.0,1.0,2
James Paul Lankford,Joni K Ernst,2.0,0.0,2
James Paul Lankford,Benjamin E Sasse,2.0,0.0,2
James Paul Lankford,Thom R Tillis,2.0,0.0,2
James Paul Lankford,Mike Rounds,1.0,1.0,2
James Paul Lankford,Catherine Cortez Masto,2.0,0.0,2
James Paul Lankford,Kamala D Harris,2.0,0.0,2
James Paul Lankford,John Neely Kennedy,2.0,0.0,2
James Paul Lankford,Doug Jones,0.0,2.0,2
James Paul Lankford,Tina Flint Smith,0.0,2.0,2
James Paul Lankford,Cindy Hyde Smith,2.0,0.0,2
James Paul Lankford,Mike Braun,2.0,0.0,2
James Paul Lankford,Joshua David Hawley,1.0,1.0,2
James Paul Lankford,Mitt Willard Romney,2.0,0.0,2
James Paul Lankford,Rick Scott,2.0,0.0,2
James Paul Lankford,Kelly Loeffler,2.0,0.0,2
James Paul Lankford,Mark Kelly,2.0,0.0,2
James Paul Lankford,Dianne Feinstein,0.0,2.0,2
James Paul Lankford,Patty Murray,0.0,2.0,2
James Paul Lankford,Susan M Collins,2.0,0.0,2
James Paul Lankford,Michael B Enzi,2.0,0.0,2
James Paul Lankford,Richard C Shelby,2.0,0.0,2
Timothy E Scott,Kyrsten Sinema,2.0,0.0,2
Timothy E Scott,Thomas Cotton,0.0,2.0,2
Timothy E Scott,L Tammy Duckworth,2.0,0.0,2
Timothy E Scott,Steven Daines,0.0,2.0,2
Timothy E Scott,Kevin Cramer,1.0,1.0,2
Timothy E Scott,Martha Mcsally,0.0,2.0,2
Timothy E Scott,Jacky Rosen,0.0,2.0,2
Timothy E Scott,John F Reed,0.0,2.0,2
Timothy E Scott,Bernard Sanders,2.0,0.0,2
Timothy E Scott,Michael Crapo,1.0,1.0,2
Timothy E Scott,Robert Menendez,2.0,0.0,2
Timothy E Scott,Rob Portman,2.0,0.0,2
Timothy E Scott,Sherrod Brown,2.0,0.0,2
Timothy E Scott,Roger F Wicker,0.0,2.0,2
Timothy E Scott,Richard M Burr,2.0,0.0,2
Timothy E Scott,Lindsey O Graham,0.0,2.0,2
Timothy E Scott,Jerry Moran,1.0,1.0,2
Timothy E Scott,Debbie Stabenow,2.0,0.0,2
Timothy E Scott,Roy Blunt,1.0,1.0,2
Timothy E Scott,John Thune,0.0,2.0,2
Timothy E Scott,John Hardy Isakson,2.0,0.0,2
Timothy E Scott,Tom Udall,2.0,0.0,2
Timothy E Scott,Patrick Joseph Toomey,0.0,2.0,2
Timothy E Scott,Tammy Baldwin,2.0,0.0,2
Timothy E Scott,Maria Cantwell,0.0,2.0,2
Timothy E Scott,Lisa Murkowski,2.0,0.0,2
Timothy E Scott,Lamar Alexander,0.0,2.0,2
Timothy E Scott,John Cornyn,2.0,0.0,2
Timothy E Scott,Amy Klobuchar,1.0,1.0,2
Timothy E Scott,Jon Tester,0.0,2.0,2
Timothy E Scott,Robert P Jr Casey,2.0,0.0,2
Timothy E Scott,Sheldon II Whitehouse,2.0,0.0,2
Timothy E Scott,John A Barrasso,1.0,1.0,2
Timothy E Scott,James E Risch,1.0,1.0,2
Timothy E Scott,Jeanne Shaheen,0.0,2.0,2
Timothy E Scott,Jeffrey Alan Merkley,2.0,0.0,2
Timothy E Scott,Mark Robert Warner,2.0,0.0,2
Timothy E Scott,Michael F Bennet,2.0,0.0,2
Timothy E Scott,Joe Manchin III,2.0,0.0,2
Timothy E Scott,Christopher A Coons,2.0,0.0,2
Timothy E Scott,Richard Blumenthal,2.0,0.0,2
Timothy E Scott,Marco Rubio,2.0,0.0,2
Timothy E Scott,Rand Paul,0.0,2.0,2
Timothy E Scott,John Hoeven,1.0,1.0,2
Timothy E Scott,Mike Lee,0.0,2.0,2
Timothy E Scott,Ronald Harold Johnson,1.0,1.0,2
Timothy E Scott,Brian Schatz,0.0,2.0,2
Timothy E Scott,Angus Stanley Jr King,2.0,0.0,2
Timothy E Scott,Elizabeth Warren,2.0,0.0,2
Timothy E Scott,Debra S Fischer,2.0,0.0,2
Timothy E Scott,Rafael Edward Ted Cruz,0.0,2.0,2
Timothy E Scott,Timothy Michael Kaine,2.0,0.0,2
Timothy E Scott,Cory A Booker,2.0,0.0,2
Timothy E Scott,Dan Sullivan,0.0,2.0,2
Timothy E Scott,David Perdue,2.0,0.0,2
Timothy E Scott,Joni K Ernst,1.0,1.0,2
Timothy E Scott,Benjamin E Sasse,1.0,1.0,2
Timothy E Scott,Thom R Tillis,1.0,1.0,2
Timothy E Scott,Mike Rounds,1.0,1.0,2
Timothy E Scott,Catherine Cortez Masto,2.0,0.0,2
Timothy E Scott,Kamala D Harris,1.0,1.0,2
Timothy E Scott,John Neely Kennedy,0.0,2.0,2
Timothy E Scott,Doug Jones,2.0,0.0,2
Timothy E Scott,Tina Flint Smith,2.0,0.0,2
Timothy E Scott,Cindy Hyde Smith,0.0,2.0,2
Timothy E Scott,Mike Braun,1.0,1.0,2
Timothy E Scott,Joshua David Hawley,0.0,2.0,2
Timothy E Scott,Mitt Willard Romney,2.0,0.0,2
Timothy E Scott,Rick Scott,2.0,0.0,2
Timothy E Scott,Kelly Loeffler,1.0,1.0,2
Timothy E Scott,Mark Kelly,0.0,2.0,2
Timothy E Scott,Dianne Feinstein,2.0,0.0,2
Timothy E Scott,Patty Murray,2.0,0.0,2
Timothy E Scott,Susan M Collins,2.0,0.0,2
Timothy E Scott,Michael B Enzi,0.0,2.0,2
Timothy E Scott,Richard C Shelby,0.0,2.0,2
Kyrsten Sinema,Thomas Cotton,0.0,2.0,2
Kyrsten Sinema,L Tammy Duckworth,1.0,1.0,2
Kyrsten Sinema,Steven Daines,0.0,2.0,2
Kyrsten Sinema,Kevin Cramer,0.0,2.0,2
Kyrsten Sinema,Martha Mcsally,0.0,2.0,2
Kyrsten Sinema,Jacky Rosen,1.0,1.0,2
Kyrsten Sinema,John F Reed,0.0,2.0,2
Kyrsten Sinema,Bernard Sanders,2.0,0.0,2
Kyrsten Sinema,Michael Crapo,0.0,2.0,2
Kyrsten Sinema,Robert Menendez,2.0,0.0,2
Kyrsten Sinema,Rob Portman,0.0,2.0,2
Kyrsten Sinema,Sherrod Brown,0.0,2.0,2
Kyrsten Sinema,Roger F Wicker,0.0,2.0,2
Kyrsten Sinema,Richard M Burr,0.0,2.0,2
Kyrsten Sinema,Lindsey O Graham,1.0,1.0,2
Kyrsten Sinema,Jerry Moran,0.0,2.0,2
Kyrsten Sinema,Debbie Stabenow,2.0,0.0,2
Kyrsten Sinema,Roy Blunt,0.0,2.0,2
Kyrsten Sinema,John Thune,0.0,2.0,2
Kyrsten Sinema,John Hardy Isakson,0.0,2.0,2
Kyrsten Sinema,Tom Udall,0.0,2.0,2
Kyrsten Sinema,Patrick Joseph Toomey,0.0,2.0,2
Kyrsten Sinema,Tammy Baldwin,2.0,0.0,2
Kyrsten Sinema,Maria Cantwell,1.0,1.0,2
Kyrsten Sinema,Lisa Murkowski,1.0,1.0,2
Kyrsten Sinema,Lamar Alexander,2.0,0.0,2
Kyrsten Sinema,John Cornyn,0.0,2.0,2
Kyrsten Sinema,Amy Klobuchar,2.0,0.0,2
Kyrsten Sinema,Jon Tester,1.0,1.0,2
Kyrsten Sinema,Robert P Jr Casey,1.0,1.0,2
Kyrsten Sinema,Sheldon II Whitehouse,2.0,0.0,2
Kyrsten Sinema,John A Barrasso,2.0,0.0,2
Kyrsten Sinema,James E Risch,0.0,2.0,2
Kyrsten Sinema,Jeanne Shaheen,1.0,1.0,2
Kyrsten Sinema,Jeffrey Alan Merkley,2.0,0.0,2
Kyrsten Sinema,Mark Robert Warner,1.0,1.0,2
Kyrsten Sinema,Michael F Bennet,1.0,1.0,2
Kyrsten Sinema,Joe Manchin III,2.0,0.0,2
Kyrsten Sinema,Christopher A Coons,1.0,1.0,2
Kyrsten Sinema,Richard Blumenthal,1.0,1.0,2
Kyrsten Sinema,Marco Rubio,0.0,2.0,2
Kyrsten Sinema,Rand Paul,0.0,2.0,2
Kyrsten Sinema,John Hoeven,0.0,2.0,2
Kyrsten Sinema,Mike Lee,0.0,2.0,2
Kyrsten Sinema,Ronald Harold Johnson,0.0,2.0,2
Kyrsten Sinema,Brian Schatz,2.0,0.0,2
Kyrsten Sinema,Angus Stanley Jr King,0.0,2.0,2
Kyrsten Sinema,Elizabeth Warren,2.0,0.0,2
Kyrsten Sinema,Debra S Fischer,2.0,0.0,2
Kyrsten Sinema,Rafael Edward Ted Cruz,0.0,2.0,2
Kyrsten Sinema,Timothy Michael Kaine,2.0,0.0,2
Kyrsten Sinema,Cory A Booker,2.0,0.0,2
Kyrsten Sinema,Dan Sullivan,0.0,2.0,2
Kyrsten Sinema,David Perdue,1.0,1.0,2
Kyrsten Sinema,Joni K Ernst,0.0,2.0,2
Kyrsten Sinema,Benjamin E Sasse,0.0,2.0,2
Kyrsten Sinema,Thom R Tillis,0.0,2.0,2
Kyrsten Sinema,Mike Rounds,0.0,2.0,2
Kyrsten Sinema,Catherine Cortez Masto,1.0,1.0,2
Kyrsten Sinema,Kamala D Harris,0.0,2.0,2
Kyrsten Sinema,John Neely Kennedy,0.0,2.0,2
Kyrsten Sinema,Doug Jones,0.0,2.0,2
Kyrsten Sinema,Tina Flint Smith,0.0,2.0,2
Kyrsten Sinema,Cindy Hyde Smith,0.0,2.0,2
Kyrsten Sinema,Mike Braun,0.0,2.0,2
Kyrsten Sinema,Joshua David Hawley,0.0,2.0,2
Kyrsten Sinema,Mitt Willard Romney,0.0,2.0,2
Kyrsten Sinema,Rick Scott,0.0,2.0,2
Kyrsten Sinema,Kelly Loeffler,0.0,2.0,2
Kyrsten Sinema,Mark Kelly,1.0,1.0,2
Kyrsten Sinema,Dianne Feinstein,2.0,0.0,2
Kyrsten Sinema,Patty Murray,0.0,2.0,2
Kyrsten Sinema,Susan M Collins,2.0,0.0,2
Kyrsten Sinema,Michael B Enzi,0.0,2.0,2
Kyrsten Sinema,Richard C Shelby,0.0,2.0,2
Thomas Cotton,L Tammy Duckworth,2.0,0.0,2
Thomas Cotton,Steven Daines,2.0,0.0,2
Thomas Cotton,Kevin Cramer,2.0,0.0,2
Thomas Cotton,Martha Mcsally,2.0,0.0,2
Thomas Cotton,Jacky Rosen,0.0,2.0,2
Thomas Cotton,John F Reed,0.0,2.0,2
Thomas Cotton,Bernard Sanders,2.0,0.0,2
Thomas Cotton,Michael Crapo,2.0,0.0,2
Thomas Cotton,Robert Menendez,2.0,0.0,2
Thomas Cotton,Rob Portman,2.0,0.0,2
Thomas Cotton,Sherrod Brown,1.0,1.0,2
Thomas Cotton,Roger F Wicker,2.0,0.0,2
Thomas Cotton,Richard M Burr,2.0,0.0,2
Thomas Cotton,Lindsey O Graham,2.0,0.0,2
Thomas Cotton,Jerry Moran,2.0,0.0,2
Thomas Cotton,Debbie Stabenow,0.0,2.0,2
Thomas Cotton,Roy Blunt,2.0,0.0,2
Thomas Cotton,John Thune,2.0,0.0,2
Thomas Cotton,John Hardy Isakson,2.0,0.0,2
Thomas Cotton,Tom Udall,0.0,2.0,2
Thomas Cotton,Patrick Joseph Toomey,2.0,0.0,2
Thomas Cotton,Tammy Baldwin,1.0,1.0,2
Thomas Cotton,Maria Cantwell,2.0,0.0,2
Thomas Cotton,Lisa Murkowski,2.0,0.0,2
Thomas Cotton,Lamar Alexander,2.0,0.0,2
Thomas Cotton,John Cornyn,2.0,0.0,2
Thomas Cotton,Amy Klobuchar,1.0,1.0,2
Thomas Cotton,Jon Tester,0.0,2.0,2
Thomas Cotton,Robert P Jr Casey,0.0,2.0,2
Thomas Cotton,Sheldon II Whitehouse,2.0,0.0,2
Thomas Cotton,John A Barrasso,2.0,0.0,2
Thomas Cotton,James E Risch,2.0,0.0,2
Thomas Cotton,Jeanne Shaheen,0.0,2.0,2
Thomas Cotton,Jeffrey Alan Merkley,2.0,0.0,2
Thomas Cotton,Mark Robert Warner,2.0,0.0,2
Thomas Cotton,Michael F Bennet,2.0,0.0,2
Thomas Cotton,Joe Manchin III,0.0,2.0,2
Thomas Cotton,Christopher A Coons,0.0,2.0,2
Thomas Cotton,Richard Blumenthal,0.0,2.0,2
Thomas Cotton,Marco Rubio,2.0,0.0,2
Thomas Cotton,Rand Paul,2.0,0.0,2
Thomas Cotton,John Hoeven,2.0,0.0,2
Thomas Cotton,Mike Lee,2.0,0.0,2
Thomas Cotton,Ronald Harold Johnson,0.0,2.0,2
Thomas Cotton,Brian Schatz,0.0,2.0,2
Thomas Cotton,Angus Stanley Jr King,0.0,2.0,2
Thomas Cotton,Elizabeth Warren,2.0,0.0,2
Thomas Cotton,Debra S Fischer,2.0,0.0,2
Thomas Cotton,Rafael Edward Ted Cruz,2.0,0.0,2
Thomas Cotton,Timothy Michael Kaine,2.0,0.0,2
Thomas Cotton,Cory A Booker,2.0,0.0,2
Thomas Cotton,Dan Sullivan,2.0,0.0,2
Thomas Cotton,David Perdue,2.0,0.0,2
Thomas Cotton,Joni K Ernst,2.0,0.0,2
Thomas Cotton,Benjamin E Sasse,2.0,0.0,2
Thomas Cotton,Thom R Tillis,2.0,0.0,2
Thomas Cotton,Mike Rounds,2.0,0.0,2
Thomas Cotton,Catherine Cortez Masto,2.0,0.0,2
Thomas Cotton,Kamala D Harris,1.0,1.0,2
Thomas Cotton,John Neely Kennedy,2.0,0.0,2
Thomas Cotton,Doug Jones,0.0,2.0,2
Thomas Cotton,Tina Flint Smith,2.0,0.0,2
Thomas Cotton,Cindy Hyde Smith,2.0,0.0,2
Thomas Cotton,Mike Braun,2.0,0.0,2
Thomas Cotton,Joshua David Hawley,2.0,0.0,2
Thomas Cotton,Mitt Willard Romney,2.0,0.0,2
Thomas Cotton,Rick Scott,2.0,0.0,2
Thomas Cotton,Kelly Loeffler,2.0,0.0,2
Thomas Cotton,Mark Kelly,0.0,2.0,2
Thomas Cotton,Dianne Feinstein,0.0,2.0,2
Thomas Cotton,Patty Murray,0.0,2.0,2
Thomas Cotton,Susan M Collins,2.0,0.0,2
Thomas Cotton,Michael B Enzi,2.0,0.0,2
Thomas Cotton,Richard C Shelby,2.0,0.0,2
L Tammy Duckworth,Steven Daines,0.0,2.0,2
L Tammy Duckworth,Kevin Cramer,0.0,2.0,2
L Tammy Duckworth,Martha Mcsally,0.0,2.0,2
L Tammy Duckworth,Jacky Rosen,0.0,2.0,2
L Tammy Duckworth,John F Reed,0.0,2.0,2
L Tammy Duckworth,Bernard Sanders,2.0,0.0,2
L Tammy Duckworth,Michael Crapo,0.0,2.0,2
L Tammy Duckworth,Robert Menendez,1.0,1.0,2
L Tammy Duckworth,Rob Portman,0.0,2.0,2
L Tammy Duckworth,Sherrod Brown,0.0,2.0,2
L Tammy Duckworth,Roger F Wicker,0.0,2.0,2
L Tammy Duckworth,Richard M Burr,0.0,2.0,2
L Tammy Duckworth,Lindsey O Graham,0.0,2.0,2
L Tammy Duckworth,Jerry Moran,0.0,2.0,2
L Tammy Duckworth,Debbie Stabenow,1.0,1.0,2
L Tammy Duckworth,Roy Blunt,0.0,2.0,2
L Tammy Duckworth,John Thune,0.0,2.0,2
L Tammy Duckworth,John Hardy Isakson,0.0,2.0,2
L Tammy Duckworth,Tom Udall,0.0,2.0,2
L Tammy Duckworth,Patrick Joseph Toomey,2.0,0.0,2
L Tammy Duckworth,Tammy Baldwin,1.0,1.0,2
L Tammy Duckworth,Maria Cantwell,1.0,1.0,2
L Tammy Duckworth,Lisa Murkowski,0.0,2.0,2
L Tammy Duckworth,Lamar Alexander,0.0,2.0,2
L Tammy Duckworth,John Cornyn,0.0,2.0,2
L Tammy Duckworth,Amy Klobuchar,0.0,2.0,2
L Tammy Duckworth,Jon Tester,1.0,1.0,2
L Tammy Duckworth,Robert P Jr Casey,1.0,1.0,2
L Tammy Duckworth,Sheldon II Whitehouse,0.0,2.0,2
L Tammy Duckworth,John A Barrasso,0.0,2.0,2
L Tammy Duckworth,James E Risch,0.0,2.0,2
L Tammy Duckworth,Jeanne Shaheen,0.0,2.0,2
L Tammy Duckworth,Jeffrey Alan Merkley,2.0,0.0,2
L Tammy Duckworth,Mark Robert Warner,1.0,1.0,2
L Tammy Duckworth,Michael F Bennet,0.0,2.0,2
L Tammy Duckworth,Joe Manchin III,0.0,2.0,2
L Tammy Duckworth,Christopher A Coons,1.0,1.0,2
L Tammy Duckworth,Richard Blumenthal,1.0,1.0,2
L Tammy Duckworth,Marco Rubio,0.0,2.0,2
L Tammy Duckworth,Rand Paul,0.0,2.0,2
L Tammy Duckworth,John Hoeven,0.0,2.0,2
L Tammy Duckworth,Mike Lee,0.0,2.0,2
L Tammy Duckworth,Ronald Harold Johnson,0.0,2.0,2
L Tammy Duckworth,Brian Schatz,0.0,2.0,2
L Tammy Duckworth,Angus Stanley Jr King,0.0,2.0,2
L Tammy Duckworth,Elizabeth Warren,2.0,0.0,2
L Tammy Duckworth,Debra S Fischer,0.0,2.0,2
L Tammy Duckworth,Rafael Edward Ted Cruz,2.0,0.0,2
L Tammy Duckworth,Timothy Michael Kaine,0.0,2.0,2
L Tammy Duckworth,Cory A Booker,2.0,0.0,2
L Tammy Duckworth,Dan Sullivan,0.0,2.0,2
L Tammy Duckworth,David Perdue,0.0,2.0,2
L Tammy Duckworth,Joni K Ernst,0.0,2.0,2
L Tammy Duckworth,Benjamin E Sasse,0.0,2.0,2
L Tammy Duckworth,Thom R Tillis,0.0,2.0,2
L Tammy Duckworth,Mike Rounds,0.0,2.0,2
L Tammy Duckworth,Catherine Cortez Masto,1.0,1.0,2
L Tammy Duckworth,Kamala D Harris,1.0,1.0,2
L Tammy Duckworth,John Neely Kennedy,2.0,0.0,2
L Tammy Duckworth,Doug Jones,0.0,2.0,2
L Tammy Duckworth,Tina Flint Smith,0.0,2.0,2
L Tammy Duckworth,Cindy Hyde Smith,0.0,2.0,2
L Tammy Duckworth,Mike Braun,0.0,2.0,2
L Tammy Duckworth,Joshua David Hawley,0.0,2.0,2
L Tammy Duckworth,Mitt Willard Romney,0.0,2.0,2
L Tammy Duckworth,Rick Scott,0.0,2.0,2
L Tammy Duckworth,Kelly Loeffler,0.0,2.0,2
L Tammy Duckworth,Mark Kelly,1.0,1.0,2
L Tammy Duckworth,Dianne Feinstein,0.0,2.0,2
L Tammy Duckworth,Patty Murray,0.0,2.0,2
L Tammy Duckworth,Susan M Collins,0.0,2.0,2
L Tammy Duckworth,Michael B Enzi,0.0,2.0,2
L Tammy Duckworth,Richard C Shelby,0.0,2.0,2
Steven Daines,Kevin Cramer,2.0,0.0,2
Steven Daines,Martha Mcsally,0.0,2.0,2
Steven Daines,Jacky Rosen,0.0,2.0,2
Steven Daines,John F Reed,0.0,2.0,2
Steven Daines,Bernard Sanders,2.0,0.0,2
Steven Daines,Michael Crapo,2.0,0.0,2
Steven Daines,Robert Menendez,2.0,0.0,2
Steven Daines,Rob Portman,2.0,0.0,2
Steven Daines,Sherrod Brown,1.0,1.0,2
Steven Daines,Roger F Wicker,2.0,0.0,2
Steven Daines,Richard M Burr,0.0,2.0,2
Steven Daines,Lindsey O Graham,1.0,1.0,2
Steven Daines,Jerry Moran,2.0,0.0,2
Steven Daines,Debbie Stabenow,2.0,0.0,2
Steven Daines,Roy Blunt,2.0,0.0,2
Steven Daines,John Thune,2.0,0.0,2
Steven Daines,John Hardy Isakson,0.0,2.0,2
Steven Daines,Tom Udall,0.0,2.0,2
Steven Daines,Patrick Joseph Toomey,0.0,2.0,2
Steven Daines,Tammy Baldwin,2.0,0.0,2
Steven Daines,Maria Cantwell,2.0,0.0,2
Steven Daines,Lisa Murkowski,2.0,0.0,2
Steven Daines,Lamar Alexander,1.0,1.0,2
Steven Daines,John Cornyn,2.0,0.0,2
Steven Daines,Amy Klobuchar,1.0,1.0,2
Steven Daines,Jon Tester,0.0,2.0,2
Steven Daines,Robert P Jr Casey,2.0,0.0,2
Steven Daines,Sheldon II Whitehouse,2.0,0.0,2
Steven Daines,John A Barrasso,2.0,0.0,2
Steven Daines,James E Risch,1.0,1.0,2
Steven Daines,Jeanne Shaheen,2.0,0.0,2
Steven Daines,Jeffrey Alan Merkley,2.0,0.0,2
Steven Daines,Mark Robert Warner,2.0,0.0,2
Steven Daines,Michael F Bennet,2.0,0.0,2
Steven Daines,Joe Manchin III,2.0,0.0,2
Steven Daines,Christopher A Coons,2.0,0.0,2
Steven Daines,Richard Blumenthal,2.0,0.0,2
Steven Daines,Marco Rubio,2.0,0.0,2
Steven Daines,Rand Paul,0.0,2.0,2
Steven Daines,John Hoeven,2.0,0.0,2
Steven Daines,Mike Lee,1.0,1.0,2
Steven Daines,Ronald Harold Johnson,0.0,2.0,2
Steven Daines,Brian Schatz,2.0,0.0,2
Steven Daines,Angus Stanley Jr King,2.0,0.0,2
Steven Daines,Elizabeth Warren,2.0,0.0,2
Steven Daines,Debra S Fischer,1.0,1.0,2
Steven Daines,Rafael Edward Ted Cruz,0.0,2.0,2
Steven Daines,Timothy Michael Kaine,2.0,0.0,2
Steven Daines,Cory A Booker,2.0,0.0,2
Steven Daines,Dan Sullivan,2.0,0.0,2
Steven Daines,David Perdue,2.0,0.0,2
Steven Daines,Joni K Ernst,2.0,0.0,2
Steven Daines,Benjamin E Sasse,0.0,2.0,2
Steven Daines,Thom R Tillis,2.0,0.0,2
Steven Daines,Mike Rounds,1.0,1.0,2
Steven Daines,Catherine Cortez Masto,2.0,0.0,2
Steven Daines,Kamala D Harris,2.0,0.0,2
Steven Daines,John Neely Kennedy,1.0,1.0,2
Steven Daines,Doug Jones,0.0,2.0,2
Steven Daines,Tina Flint Smith,2.0,0.0,2
Steven Daines,Cindy Hyde Smith,2.0,0.0,2
Steven Daines,Mike Braun,1.0,1.0,2
Steven Daines,Joshua David Hawley,0.0,2.0,2
Steven Daines,Mitt Willard Romney,2.0,0.0,2
Steven Daines,Rick Scott,2.0,0.0,2
Steven Daines,Kelly Loeffler,2.0,0.0,2
Steven Daines,Mark Kelly,0.0,2.0,2
Steven Daines,Dianne Feinstein,2.0,0.0,2
Steven Daines,Patty Murray,0.0,2.0,2
Steven Daines,Susan M Collins,1.0,1.0,2
Steven Daines,Michael B Enzi,0.0,2.0,2
Steven Daines,Richard C Shelby,2.0,0.0,2
Kevin Cramer,Martha Mcsally,2.0,0.0,2
Kevin Cramer,Jacky Rosen,0.0,2.0,2
Kevin Cramer,John F Reed,0.0,2.0,2
Kevin Cramer,Bernard Sanders,2.0,0.0,2
Kevin Cramer,Michael Crapo,0.0,2.0,2
Kevin Cramer,Robert Menendez,2.0,0.0,2
Kevin Cramer,Rob Portman,2.0,0.0,2
Kevin Cramer,Sherrod Brown,2.0,0.0,2
Kevin Cramer,Roger F Wicker,0.0,2.0,2
Kevin Cramer,Richard M Burr,2.0,0.0,2
Kevin Cramer,Lindsey O Graham,2.0,0.0,2
Kevin Cramer,Jerry Moran,2.0,0.0,2
Kevin Cramer,Debbie Stabenow,2.0,0.0,2
Kevin Cramer,Roy Blunt,2.0,0.0,2
Kevin Cramer,John Thune,2.0,0.0,2
Kevin Cramer,John Hardy Isakson,2.0,0.0,2
Kevin Cramer,Tom Udall,0.0,2.0,2
Kevin Cramer,Patrick Joseph Toomey,1.0,1.0,2
Kevin Cramer,Tammy Baldwin,2.0,0.0,2
Kevin Cramer,Maria Cantwell,2.0,0.0,2
Kevin Cramer,Lisa Murkowski,0.0,2.0,2
Kevin Cramer,Lamar Alexander,2.0,0.0,2
Kevin Cramer,John Cornyn,2.0,0.0,2
Kevin Cramer,Amy Klobuchar,2.0,0.0,2
Kevin Cramer,Jon Tester,0.0,2.0,2
Kevin Cramer,Robert P Jr Casey,0.0,2.0,2
Kevin Cramer,Sheldon II Whitehouse,2.0,0.0,2
Kevin Cramer,John A Barrasso,2.0,0.0,2
Kevin Cramer,James E Risch,2.0,0.0,2
Kevin Cramer,Jeanne Shaheen,2.0,0.0,2
Kevin Cramer,Jeffrey Alan Merkley,2.0,0.0,2
Kevin Cramer,Mark Robert Warner,2.0,0.0,2
Kevin Cramer,Michael F Bennet,2.0,0.0,2
Kevin Cramer,Joe Manchin III,2.0,0.0,2
Kevin Cramer,Christopher A Coons,2.0,0.0,2
Kevin Cramer,Richard Blumenthal,2.0,0.0,2
Kevin Cramer,Marco Rubio,2.0,0.0,2
Kevin Cramer,Rand Paul,0.0,2.0,2
Kevin Cramer,John Hoeven,2.0,0.0,2
Kevin Cramer,Mike Lee,2.0,0.0,2
Kevin Cramer,Ronald Harold Johnson,0.0,2.0,2
Kevin Cramer,Brian Schatz,1.0,1.0,2
Kevin Cramer,Angus Stanley Jr King,2.0,0.0,2
Kevin Cramer,Elizabeth Warren,2.0,0.0,2
Kevin Cramer,Debra S Fischer,1.0,1.0,2
Kevin Cramer,Rafael Edward Ted Cruz,0.0,2.0,2
Kevin Cramer,Timothy Michael Kaine,2.0,0.0,2
Kevin Cramer,Cory A Booker,2.0,0.0,2
Kevin Cramer,Dan Sullivan,2.0,0.0,2
Kevin Cramer,David Perdue,1.0,1.0,2
Kevin Cramer,Joni K Ernst,2.0,0.0,2
Kevin Cramer,Benjamin E Sasse,1.0,1.0,2
Kevin Cramer,Thom R Tillis,1.0,1.0,2
Kevin Cramer,Mike Rounds,2.0,0.0,2
Kevin Cramer,Catherine Cortez Masto,2.0,0.0,2
Kevin Cramer,Kamala D Harris,2.0,0.0,2
Kevin Cramer,John Neely Kennedy,2.0,0.0,2
Kevin Cramer,Doug Jones,0.0,2.0,2
Kevin Cramer,Tina Flint Smith,0.0,2.0,2
Kevin Cramer,Cindy Hyde Smith,1.0,1.0,2
Kevin Cramer,Mike Braun,2.0,0.0,2
Kevin Cramer,Joshua David Hawley,0.0,2.0,2
Kevin Cramer,Mitt Willard Romney,2.0,0.0,2
Kevin Cramer,Rick Scott,2.0,0.0,2
Kevin Cramer,Kelly Loeffler,2.0,0.0,2
Kevin Cramer,Mark Kelly,0.0,2.0,2
Kevin Cramer,Dianne Feinstein,2.0,0.0,2
Kevin Cramer,Patty Murray,2.0,0.0,2
Kevin Cramer,Susan M Collins,2.0,0.0,2
Kevin Cramer,Michael B Enzi,2.0,0.0,2
Kevin Cramer,Richard C Shelby,0.0,2.0,2
Martha Mcsally,Jacky Rosen,0.0,2.0,2
Martha Mcsally,John F Reed,2.0,0.0,2
Martha Mcsally,Bernard Sanders,2.0,0.0,2
Martha Mcsally,Michael Crapo,0.0,2.0,2
Martha Mcsally,Robert Menendez,2.0,0.0,2
Martha Mcsally,Rob Portman,2.0,0.0,2
Martha Mcsally,Sherrod Brown,0.0,2.0,2
Martha Mcsally,Roger F Wicker,0.0,2.0,2
Martha Mcsally,Richard M Burr,2.0,0.0,2
Martha Mcsally,Lindsey O Graham,0.0,2.0,2
Martha Mcsally,Jerry Moran,2.0,0.0,2
Martha Mcsally,Debbie Stabenow,2.0,0.0,2
Martha Mcsally,Roy Blunt,2.0,0.0,2
Martha Mcsally,John Thune,2.0,0.0,2
Martha Mcsally,John Hardy Isakson,2.0,0.0,2
Martha Mcsally,Tom Udall,0.0,2.0,2
Martha Mcsally,Patrick Joseph Toomey,0.0,2.0,2
Martha Mcsally,Tammy Baldwin,2.0,0.0,2
Martha Mcsally,Maria Cantwell,1.0,1.0,2
Martha Mcsally,Lisa Murkowski,2.0,0.0,2
Martha Mcsally,Lamar Alexander,0.0,2.0,2
Martha Mcsally,John Cornyn,2.0,0.0,2
Martha Mcsally,Amy Klobuchar,0.0,2.0,2
Martha Mcsally,Jon Tester,0.0,2.0,2
Martha Mcsally,Robert P Jr Casey,2.0,0.0,2
Martha Mcsally,Sheldon II Whitehouse,2.0,0.0,2
Martha Mcsally,John A Barrasso,0.0,2.0,2
Martha Mcsally,James E Risch,0.0,2.0,2
Martha Mcsally,Jeanne Shaheen,1.0,1.0,2
Martha Mcsally,Jeffrey Alan Merkley,2.0,0.0,2
Martha Mcsally,Mark Robert Warner,2.0,0.0,2
Martha Mcsally,Michael F Bennet,2.0,0.0,2
Martha Mcsally,Joe Manchin III,2.0,0.0,2
Martha Mcsally,Christopher A Coons,2.0,0.0,2
Martha Mcsally,Richard Blumenthal,2.0,0.0,2
Martha Mcsally,Marco Rubio,2.0,0.0,2
Martha Mcsally,Rand Paul,2.0,0.0,2
Martha Mcsally,John Hoeven,2.0,0.0,2
Martha Mcsally,Mike Lee,2.0,0.0,2
Martha Mcsally,Ronald Harold Johnson,0.0,2.0,2
Martha Mcsally,Brian Schatz,2.0,0.0,2
Martha Mcsally,Angus Stanley Jr King,2.0,0.0,2
Martha Mcsally,Elizabeth Warren,2.0,0.0,2
Martha Mcsally,Debra S Fischer,1.0,1.0,2
Martha Mcsally,Rafael Edward Ted Cruz,0.0,2.0,2
Martha Mcsally,Timothy Michael Kaine,2.0,0.0,2
Martha Mcsally,Cory A Booker,0.0,2.0,2
Martha Mcsally,Dan Sullivan,0.0,2.0,2
Martha Mcsally,David Perdue,2.0,0.0,2
Martha Mcsally,Joni K Ernst,2.0,0.0,2
Martha Mcsally,Benjamin E Sasse,0.0,2.0,2
Martha Mcsally,Thom R Tillis,2.0,0.0,2
Martha Mcsally,Mike Rounds,2.0,0.0,2
Martha Mcsally,Catherine Cortez Masto,2.0,0.0,2
Martha Mcsally,Kamala D Harris,2.0,0.0,2
Martha Mcsally,John Neely Kennedy,0.0,2.0,2
Martha Mcsally,Doug Jones,0.0,2.0,2
Martha Mcsally,Tina Flint Smith,2.0,0.0,2
Martha Mcsally,Cindy Hyde Smith,0.0,2.0,2
Martha Mcsally,Mike Braun,2.0,0.0,2
Martha Mcsally,Joshua David Hawley,0.0,2.0,2
Martha Mcsally,Mitt Willard Romney,2.0,0.0,2
Martha Mcsally,Rick Scott,0.0,2.0,2
Martha Mcsally,Kelly Loeffler,1.0,1.0,2
Martha Mcsally,Mark Kelly,0.0,2.0,2
Martha Mcsally,Dianne Feinstein,2.0,0.0,2
Martha Mcsally,Patty Murray,0.0,2.0,2
Martha Mcsally,Susan M Collins,0.0,2.0,2
Martha Mcsally,Michael B Enzi,0.0,2.0,2
Martha Mcsally,Richard C Shelby,0.0,2.0,2
Jacky Rosen,John F Reed,1.0,1.0,2
Jacky Rosen,Bernard Sanders,2.0,0.0,2
Jacky Rosen,Michael Crapo,2.0,0.0,2
Jacky Rosen,Robert Menendez,2.0,0.0,2
Jacky Rosen,Rob Portman,1.0,1.0,2
Jacky Rosen,Sherrod Brown,2.0,0.0,2
Jacky Rosen,Roger F Wicker,2.0,0.0,2
Jacky Rosen,Richard M Burr,2.0,0.0,2
Jacky Rosen,Lindsey O Graham,2.0,0.0,2
Jacky Rosen,Jerry Moran,1.0,1.0,2
Jacky Rosen,Debbie Stabenow,2.0,0.0,2
Jacky Rosen,Roy Blunt,0.0,2.0,2
Jacky Rosen,John Thune,0.0,2.0,2
Jacky Rosen,John Hardy Isakson,2.0,0.0,2
Jacky Rosen,Tom Udall,2.0,0.0,2
Jacky Rosen,Patrick Joseph Toomey,2.0,0.0,2
Jacky Rosen,Tammy Baldwin,2.0,0.0,2
Jacky Rosen,Maria Cantwell,2.0,0.0,2
Jacky Rosen,Lisa Murkowski,2.0,0.0,2
Jacky Rosen,Lamar Alexander,0.0,2.0,2
Jacky Rosen,John Cornyn,0.0,2.0,2
Jacky Rosen,Amy Klobuchar,1.0,1.0,2
Jacky Rosen,Jon Tester,0.0,2.0,2
Jacky Rosen,Robert P Jr Casey,0.0,2.0,2
Jacky Rosen,Sheldon II Whitehouse,2.0,0.0,2
Jacky Rosen,John A Barrasso,2.0,0.0,2
Jacky Rosen,James E Risch,2.0,0.0,2
Jacky Rosen,Jeanne Shaheen,2.0,0.0,2
Jacky Rosen,Jeffrey Alan Merkley,2.0,0.0,2
Jacky Rosen,Mark Robert Warner,2.0,0.0,2
Jacky Rosen,Michael F Bennet,2.0,0.0,2
Jacky Rosen,Joe Manchin III,2.0,0.0,2
Jacky Rosen,Christopher A Coons,1.0,1.0,2
Jacky Rosen,Richard Blumenthal,2.0,0.0,2
Jacky Rosen,Marco Rubio,0.0,2.0,2
Jacky Rosen,Rand Paul,0.0,2.0,2
Jacky Rosen,John Hoeven,1.0,1.0,2
Jacky Rosen,Mike Lee,0.0,2.0,2
Jacky Rosen,Ronald Harold Johnson,2.0,0.0,2
Jacky Rosen,Brian Schatz,2.0,0.0,2
Jacky Rosen,Angus Stanley Jr King,2.0,0.0,2
Jacky Rosen,Elizabeth Warren,2.0,0.0,2
Jacky Rosen,Debra S Fischer,2.0,0.0,2
Jacky Rosen,Rafael Edward Ted Cruz,2.0,0.0,2
Jacky Rosen,Timothy Michael Kaine,2.0,0.0,2
Jacky Rosen,Cory A Booker,2.0,0.0,2
Jacky Rosen,Dan Sullivan,2.0,0.0,2
Jacky Rosen,David Perdue,2.0,0.0,2
Jacky Rosen,Joni K Ernst,0.0,2.0,2
Jacky Rosen,Benjamin E Sasse,2.0,0.0,2
Jacky Rosen,Thom R Tillis,1.0,1.0,2
Jacky Rosen,Mike Rounds,1.0,1.0,2
Jacky Rosen,Catherine Cortez Masto,1.0,1.0,2
Jacky Rosen,Kamala D Harris,2.0,0.0,2
Jacky Rosen,John Neely Kennedy,2.0,0.0,2
Jacky Rosen,Doug Jones,0.0,2.0,2
Jacky Rosen,Tina Flint Smith,1.0,1.0,2
Jacky Rosen,Cindy Hyde Smith,2.0,0.0,2
Jacky Rosen,Mike Braun,0.0,2.0,2
Jacky Rosen,Joshua David Hawley,2.0,0.0,2
Jacky Rosen,Mitt Willard Romney,1.0,1.0,2
Jacky Rosen,Rick Scott,0.0,2.0,2
Jacky Rosen,Kelly Loeffler,0.0,2.0,2
Jacky Rosen,Mark Kelly,1.0,1.0,2
Jacky Rosen,Dianne Feinstein,0.0,2.0,2
Jacky Rosen,Patty Murray,2.0,0.0,2
Jacky Rosen,Susan M Collins,2.0,0.0,2
Jacky Rosen,Michael B Enzi,2.0,0.0,2
Jacky Rosen,Richard C Shelby,2.0,0.0,2
John F Reed,Bernard Sanders,2.0,0.0,2
John F Reed,Michael Crapo,2.0,0.0,2
John F Reed,Robert Menendez,2.0,0.0,2
John F Reed,Rob Portman,0.0,2.0,2
John F Reed,Sherrod Brown,2.0,0.0,2
John F Reed,Roger F Wicker,2.0,0.0,2
John F Reed,Richard M Burr,0.0,2.0,2
John F Reed,Lindsey O Graham,0.0,2.0,2
John F Reed,Jerry Moran,0.0,2.0,2
John F Reed,Debbie Stabenow,2.0,0.0,2
John F Reed,Roy Blunt,0.0,2.0,2
John F Reed,John Thune,0.0,2.0,2
John F Reed,John Hardy Isakson,0.0,2.0,2
John F Reed,Tom Udall,1.0,1.0,2
John F Reed,Patrick Joseph Toomey,0.0,2.0,2
John F Reed,Tammy Baldwin,2.0,0.0,2
John F Reed,Maria Cantwell,2.0,0.0,2
John F Reed,Lisa Murkowski,0.0,2.0,2
John F Reed,Lamar Alexander,0.0,2.0,2
John F Reed,John Cornyn,1.0,1.0,2
John F Reed,Amy Klobuchar,2.0,0.0,2
John F Reed,Jon Tester,0.0,2.0,2
John F Reed,Robert P Jr Casey,1.0,1.0,2
John F Reed,Sheldon II Whitehouse,2.0,0.0,2
John F Reed,John A Barrasso,2.0,0.0,2
John F Reed,James E Risch,2.0,0.0,2
John F Reed,Jeanne Shaheen,2.0,0.0,2
John F Reed,Jeffrey Alan Merkley,2.0,0.0,2
John F Reed,Mark Robert Warner,2.0,0.0,2
John F Reed,Michael F Bennet,0.0,2.0,2
John F Reed,Joe Manchin III,2.0,0.0,2
John F Reed,Christopher A Coons,2.0,0.0,2
John F Reed,Richard Blumenthal,1.0,1.0,2
John F Reed,Marco Rubio,0.0,2.0,2
John F Reed,Rand Paul,0.0,2.0,2
John F Reed,John Hoeven,0.0,2.0,2
John F Reed,Mike Lee,0.0,2.0,2
John F Reed,Ronald Harold Johnson,0.0,2.0,2
John F Reed,Brian Schatz,2.0,0.0,2
John F Reed,Angus Stanley Jr King,2.0,0.0,2
John F Reed,Elizabeth Warren,2.0,0.0,2
John F Reed,Debra S Fischer,2.0,0.0,2
John F Reed,Rafael Edward Ted Cruz,2.0,0.0,2
John F Reed,Timothy Michael Kaine,2.0,0.0,2
John F Reed,Cory A Booker,2.0,0.0,2
John F Reed,Dan Sullivan,0.0,2.0,2
John F Reed,David Perdue,0.0,2.0,2
John F Reed,Joni K Ernst,0.0,2.0,2
John F Reed,Benjamin E Sasse,2.0,0.0,2
John F Reed,Thom R Tillis,2.0,0.0,2
John F Reed,Mike Rounds,1.0,1.0,2
John F Reed,Catherine Cortez Masto,2.0,0.0,2
John F Reed,Kamala D Harris,2.0,0.0,2
John F Reed,John Neely Kennedy,2.0,0.0,2
John F Reed,Doug Jones,0.0,2.0,2
John F Reed,Tina Flint Smith,1.0,1.0,2
John F Reed,Cindy Hyde Smith,2.0,0.0,2
John F Reed,Mike Braun,0.0,2.0,2
John F Reed,Joshua David Hawley,2.0,0.0,2
John F Reed,Mitt Willard Romney,1.0,1.0,2
John F Reed,Rick Scott,0.0,2.0,2
John F Reed,Kelly Loeffler,2.0,0.0,2
John F Reed,Mark Kelly,0.0,2.0,2
John F Reed,Dianne Feinstein,1.0,1.0,2
John F Reed,Patty Murray,2.0,0.0,2
John F Reed,Susan M Collins,2.0,0.0,2
John F Reed,Michael B Enzi,2.0,0.0,2
John F Reed,Richard C Shelby,2.0,0.0,2
Bernard Sanders,Michael Crapo,0.0,2.0,2
Bernard Sanders,Robert Menendez,2.0,0.0,2
Bernard Sanders,Rob Portman,0.0,2.0,2
Bernard Sanders,Sherrod Brown,0.0,2.0,2
Bernard Sanders,Roger F Wicker,0.0,2.0,2
Bernard Sanders,Richard M Burr,0.0,2.0,2
Bernard Sanders,Lindsey O Graham,0.0,2.0,2
Bernard Sanders,Jerry Moran,0.0,2.0,2
Bernard Sanders,Debbie Stabenow,2.0,0.0,2
Bernard Sanders,Roy Blunt,0.0,2.0,2
Bernard Sanders,John Thune,0.0,2.0,2
Bernard Sanders,John Hardy Isakson,0.0,2.0,2
Bernard Sanders,Tom Udall,0.0,2.0,2
Bernard Sanders,Patrick Joseph Toomey,2.0,0.0,2
Bernard Sanders,Tammy Baldwin,0.0,2.0,2
Bernard Sanders,Maria Cantwell,0.0,2.0,2
Bernard Sanders,Lisa Murkowski,0.0,2.0,2
Bernard Sanders,Lamar Alexander,1.0,1.0,2
Bernard Sanders,John Cornyn,0.0,2.0,2
Bernard Sanders,Amy Klobuchar,0.0,2.0,2
Bernard Sanders,Jon Tester,0.0,2.0,2
Bernard Sanders,Robert P Jr Casey,0.0,2.0,2
Bernard Sanders,Sheldon II Whitehouse,2.0,0.0,2
Bernard Sanders,John A Barrasso,0.0,2.0,2
Bernard Sanders,James E Risch,0.0,2.0,2
Bernard Sanders,Jeanne Shaheen,2.0,0.0,2
Bernard Sanders,Jeffrey Alan Merkley,0.0,2.0,2
Bernard Sanders,Mark Robert Warner,0.0,2.0,2
Bernard Sanders,Michael F Bennet,0.0,2.0,2
Bernard Sanders,Joe Manchin III,0.0,2.0,2
Bernard Sanders,Christopher A Coons,0.0,2.0,2
Bernard Sanders,Richard Blumenthal,0.0,2.0,2
Bernard Sanders,Marco Rubio,0.0,2.0,2
Bernard Sanders,Rand Paul,0.0,2.0,2
Bernard Sanders,John Hoeven,0.0,2.0,2
Bernard Sanders,Mike Lee,0.0,2.0,2
Bernard Sanders,Ronald Harold Johnson,2.0,0.0,2
Bernard Sanders,Brian Schatz,0.0,2.0,2
Bernard Sanders,Angus Stanley Jr King,2.0,0.0,2
Bernard Sanders,Elizabeth Warren,2.0,0.0,2
Bernard Sanders,Debra S Fischer,0.0,2.0,2
Bernard Sanders,Rafael Edward Ted Cruz,0.0,2.0,2
Bernard Sanders,Timothy Michael Kaine,0.0,2.0,2
Bernard Sanders,Cory A Booker,2.0,0.0,2
Bernard Sanders,Dan Sullivan,0.0,2.0,2
Bernard Sanders,David Perdue,0.0,2.0,2
Bernard Sanders,Joni K Ernst,0.0,2.0,2
Bernard Sanders,Benjamin E Sasse,0.0,2.0,2
Bernard Sanders,Thom R Tillis,0.0,2.0,2
Bernard Sanders,Mike Rounds,0.0,2.0,2
Bernard Sanders,Catherine Cortez Masto,0.0,2.0,2
Bernard Sanders,Kamala D Harris,0.0,2.0,2
Bernard Sanders,John Neely Kennedy,0.0,2.0,2
Bernard Sanders,Doug Jones,0.0,2.0,2
Bernard Sanders,Tina Flint Smith,0.0,2.0,2
Bernard Sanders,Cindy Hyde Smith,0.0,2.0,2
Bernard Sanders,Mike Braun,0.0,2.0,2
Bernard Sanders,Joshua David Hawley,2.0,0.0,2
Bernard Sanders,Mitt Willard Romney,0.0,2.0,2
Bernard Sanders,Rick Scott,0.0,2.0,2
Bernard Sanders,Kelly Loeffler,0.0,2.0,2
Bernard Sanders,Mark Kelly,2.0,0.0,2
Bernard Sanders,Dianne Feinstein,2.0,0.0,2
Bernard Sanders,Patty Murray,2.0,0.0,2
Bernard Sanders,Susan M Collins,2.0,0.0,2
Bernard Sanders,Michael B Enzi,0.0,2.0,2
Bernard Sanders,Richard C Shelby,0.0,2.0,2
Michael Crapo,Robert Menendez,2.0,0.0,2
Michael Crapo,Rob Portman,2.0,0.0,2
Michael Crapo,Sherrod Brown,1.0,1.0,2
Michael Crapo,Roger F Wicker,2.0,0.0,2
Michael Crapo,Richard M Burr,2.0,0.0,2
Michael Crapo,Lindsey O Graham,2.0,0.0,2
Michael Crapo,Jerry Moran,2.0,0.0,2
Michael Crapo,Debbie Stabenow,2.0,0.0,2
Michael Crapo,Roy Blunt,2.0,0.0,2
Michael Crapo,John Thune,2.0,0.0,2
Michael Crapo,John Hardy Isakson,2.0,0.0,2
Michael Crapo,Tom Udall,0.0,2.0,2
Michael Crapo,Patrick Joseph Toomey,2.0,0.0,2
Michael Crapo,Tammy Baldwin,2.0,0.0,2
Michael Crapo,Maria Cantwell,2.0,0.0,2
Michael Crapo,Lisa Murkowski,2.0,0.0,2
Michael Crapo,Lamar Alexander,2.0,0.0,2
Michael Crapo,John Cornyn,2.0,0.0,2
Michael Crapo,Amy Klobuchar,1.0,1.0,2
Michael Crapo,Jon Tester,0.0,2.0,2
Michael Crapo,Robert P Jr Casey,2.0,0.0,2
Michael Crapo,Sheldon II Whitehouse,2.0,0.0,2
Michael Crapo,John A Barrasso,0.0,2.0,2
Michael Crapo,James E Risch,1.0,1.0,2
Michael Crapo,Jeanne Shaheen,2.0,0.0,2
Michael Crapo,Jeffrey Alan Merkley,2.0,0.0,2
Michael Crapo,Mark Robert Warner,2.0,0.0,2
Michael Crapo,Michael F Bennet,2.0,0.0,2
Michael Crapo,Joe Manchin III,2.0,0.0,2
Michael Crapo,Christopher A Coons,2.0,0.0,2
Michael Crapo,Richard Blumenthal,2.0,0.0,2
Michael Crapo,Marco Rubio,2.0,0.0,2
Michael Crapo,Rand Paul,0.0,2.0,2
Michael Crapo,John Hoeven,2.0,0.0,2
Michael Crapo,Mike Lee,0.0,2.0,2
Michael Crapo,Ronald Harold Johnson,0.0,2.0,2
Michael Crapo,Brian Schatz,0.0,2.0,2
Michael Crapo,Angus Stanley Jr King,2.0,0.0,2
Michael Crapo,Elizabeth Warren,2.0,0.0,2
Michael Crapo,Debra S Fischer,2.0,0.0,2
Michael Crapo,Rafael Edward Ted Cruz,0.0,2.0,2
Michael Crapo,Timothy Michael Kaine,2.0,0.0,2
Michael Crapo,Cory A Booker,1.0,1.0,2
Michael Crapo,Dan Sullivan,1.0,1.0,2
Michael Crapo,David Perdue,0.0,2.0,2
Michael Crapo,Joni K Ernst,2.0,0.0,2
Michael Crapo,Benjamin E Sasse,0.0,2.0,2
Michael Crapo,Thom R Tillis,2.0,0.0,2
Michael Crapo,Mike Rounds,1.0,1.0,2
Michael Crapo,Catherine Cortez Masto,2.0,0.0,2
Michael Crapo,Kamala D Harris,2.0,0.0,2
Michael Crapo,John Neely Kennedy,2.0,0.0,2
Michael Crapo,Doug Jones,0.0,2.0,2
Michael Crapo,Tina Flint Smith,2.0,0.0,2
Michael Crapo,Cindy Hyde Smith,0.0,2.0,2
Michael Crapo,Mike Braun,2.0,0.0,2
Michael Crapo,Joshua David Hawley,0.0,2.0,2
Michael Crapo,Mitt Willard Romney,2.0,0.0,2
Michael Crapo,Rick Scott,1.0,1.0,2
Michael Crapo,Kelly Loeffler,0.0,2.0,2
Michael Crapo,Mark Kelly,0.0,2.0,2
Michael Crapo,Dianne Feinstein,2.0,0.0,2
Michael Crapo,Patty Murray,0.0,2.0,2
Michael Crapo,Susan M Collins,1.0,1.0,2
Michael Crapo,Michael B Enzi,2.0,0.0,2
Michael Crapo,Richard C Shelby,2.0,0.0,2
Robert Menendez,Rob Portman,0.0,2.0,2
Robert Menendez,Sherrod Brown,0.0,2.0,2
Robert Menendez,Roger F Wicker,0.0,2.0,2
Robert Menendez,Richard M Burr,0.0,2.0,2
Robert Menendez,Lindsey O Graham,2.0,0.0,2
Robert Menendez,Jerry Moran,0.0,2.0,2
Robert Menendez,Debbie Stabenow,1.0,1.0,2
Robert Menendez,Roy Blunt,0.0,2.0,2
Robert Menendez,John Thune,0.0,2.0,2
Robert Menendez,John Hardy Isakson,0.0,2.0,2
Robert Menendez,Tom Udall,0.0,2.0,2
Robert Menendez,Patrick Joseph Toomey,0.0,2.0,2
Robert Menendez,Tammy Baldwin,0.0,2.0,2
Robert Menendez,Maria Cantwell,0.0,2.0,2
Robert Menendez,Lisa Murkowski,0.0,2.0,2
Robert Menendez,Lamar Alexander,1.0,1.0,2
Robert Menendez,John Cornyn,0.0,2.0,2
Robert Menendez,Amy Klobuchar,0.0,2.0,2
Robert Menendez,Jon Tester,0.0,2.0,2
Robert Menendez,Robert P Jr Casey,0.0,2.0,2
Robert Menendez,Sheldon II Whitehouse,2.0,0.0,2
Robert Menendez,John A Barrasso,1.0,1.0,2
Robert Menendez,James E Risch,0.0,2.0,2
Robert Menendez,Jeanne Shaheen,0.0,2.0,2
Robert Menendez,Jeffrey Alan Merkley,0.0,2.0,2
Robert Menendez,Mark Robert Warner,0.0,2.0,2
Robert Menendez,Michael F Bennet,0.0,2.0,2
Robert Menendez,Joe Manchin III,0.0,2.0,2
Robert Menendez,Christopher A Coons,0.0,2.0,2
Robert Menendez,Richard Blumenthal,0.0,2.0,2
Robert Menendez,Marco Rubio,0.0,2.0,2
Robert Menendez,Rand Paul,0.0,2.0,2
Robert Menendez,John Hoeven,0.0,2.0,2
Robert Menendez,Mike Lee,0.0,2.0,2
Robert Menendez,Ronald Harold Johnson,2.0,0.0,2
Robert Menendez,Brian Schatz,0.0,2.0,2
Robert Menendez,Angus Stanley Jr King,2.0,0.0,2
Robert Menendez,Elizabeth Warren,2.0,0.0,2
Robert Menendez,Debra S Fischer,0.0,2.0,2
Robert Menendez,Rafael Edward Ted Cruz,0.0,2.0,2
Robert Menendez,Timothy Michael Kaine,2.0,0.0,2
Robert Menendez,Cory A Booker,0.0,2.0,2
Robert Menendez,Dan Sullivan,0.0,2.0,2
Robert Menendez,David Perdue,0.0,2.0,2
Robert Menendez,Joni K Ernst,0.0,2.0,2
Robert Menendez,Benjamin E Sasse,0.0,2.0,2
Robert Menendez,Thom R Tillis,0.0,2.0,2
Robert Menendez,Mike Rounds,0.0,2.0,2
Robert Menendez,Catherine Cortez Masto,0.0,2.0,2
Robert Menendez,Kamala D Harris,0.0,2.0,2
Robert Menendez,John Neely Kennedy,2.0,0.0,2
Robert Menendez,Doug Jones,0.0,2.0,2
Robert Menendez,Tina Flint Smith,0.0,2.0,2
Robert Menendez,Cindy Hyde Smith,2.0,0.0,2
Robert Menendez,Mike Braun,0.0,2.0,2
Robert Menendez,Joshua David Hawley,0.0,2.0,2
Robert Menendez,Mitt Willard Romney,0.0,2.0,2
Robert Menendez,Rick Scott,0.0,2.0,2
Robert Menendez,Kelly Loeffler,0.0,2.0,2
Robert Menendez,Mark Kelly,0.0,2.0,2
Robert Menendez,Dianne Feinstein,0.0,2.0,2
Robert Menendez,Patty Murray,0.0,2.0,2
Robert Menendez,Susan M Collins,0.0,2.0,2
Robert Menendez,Michael B Enzi,0.0,2.0,2
Robert Menendez,Richard C Shelby,0.0,2.0,2
Rob Portman,Sherrod Brown,2.0,0.0,2
Rob Portman,Roger F Wicker,2.0,0.0,2
Rob Portman,Richard M Burr,2.0,0.0,2
Rob Portman,Lindsey O Graham,0.0,2.0,2
Rob Portman,Jerry Moran,1.0,1.0,2
Rob Portman,Debbie Stabenow,2.0,0.0,2
Rob Portman,Roy Blunt,2.0,0.0,2
Rob Portman,John Thune,2.0,0.0,2
Rob Portman,John Hardy Isakson,2.0,0.0,2
Rob Portman,Tom Udall,0.0,2.0,2
Rob Portman,Patrick Joseph Toomey,1.0,1.0,2
Rob Portman,Tammy Baldwin,2.0,0.0,2
Rob Portman,Maria Cantwell,2.0,0.0,2
Rob Portman,Lisa Murkowski,0.0,2.0,2
Rob Portman,Lamar Alexander,0.0,2.0,2
Rob Portman,John Cornyn,1.0,1.0,2
Rob Portman,Amy Klobuchar,2.0,0.0,2
Rob Portman,Jon Tester,0.0,2.0,2
Rob Portman,Robert P Jr Casey,2.0,0.0,2
Rob Portman,Sheldon II Whitehouse,2.0,0.0,2
Rob Portman,John A Barrasso,0.0,2.0,2
Rob Portman,James E Risch,0.0,2.0,2
Rob Portman,Jeanne Shaheen,2.0,0.0,2
Rob Portman,Jeffrey Alan Merkley,2.0,0.0,2
Rob Portman,Mark Robert Warner,2.0,0.0,2
Rob Portman,Michael F Bennet,2.0,0.0,2
Rob Portman,Joe Manchin III,2.0,0.0,2
Rob Portman,Christopher A Coons,2.0,0.0,2
Rob Portman,Richard Blumenthal,2.0,0.0,2
Rob Portman,Marco Rubio,1.0,1.0,2
Rob Portman,Rand Paul,2.0,0.0,2
Rob Portman,John Hoeven,2.0,0.0,2
Rob Portman,Mike Lee,2.0,0.0,2
Rob Portman,Ronald Harold Johnson,0.0,2.0,2
Rob Portman,Brian Schatz,2.0,0.0,2
Rob Portman,Angus Stanley Jr King,2.0,0.0,2
Rob Portman,Elizabeth Warren,2.0,0.0,2
Rob Portman,Debra S Fischer,1.0,1.0,2
Rob Portman,Rafael Edward Ted Cruz,0.0,2.0,2
Rob Portman,Timothy Michael Kaine,2.0,0.0,2
Rob Portman,Cory A Booker,2.0,0.0,2
Rob Portman,Dan Sullivan,2.0,0.0,2
Rob Portman,David Perdue,0.0,2.0,2
Rob Portman,Joni K Ernst,2.0,0.0,2
Rob Portman,Benjamin E Sasse,0.0,2.0,2
Rob Portman,Thom R Tillis,2.0,0.0,2
Rob Portman,Mike Rounds,2.0,0.0,2
Rob Portman,Catherine Cortez Masto,2.0,0.0,2
Rob Portman,Kamala D Harris,2.0,0.0,2
Rob Portman,John Neely Kennedy,0.0,2.0,2
Rob Portman,Doug Jones,0.0,2.0,2
Rob Portman,Tina Flint Smith,2.0,0.0,2
Rob Portman,Cindy Hyde Smith,2.0,0.0,2
Rob Portman,Mike Braun,2.0,0.0,2
Rob Portman,Joshua David Hawley,0.0,2.0,2
Rob Portman,Mitt Willard Romney,2.0,0.0,2
Rob Portman,Rick Scott,0.0,2.0,2
Rob Portman,Kelly Loeffler,2.0,0.0,2
Rob Portman,Mark Kelly,0.0,2.0,2
Rob Portman,Dianne Feinstein,2.0,0.0,2
Rob Portman,Patty Murray,2.0,0.0,2
Rob Portman,Susan M Collins,2.0,0.0,2
Rob Portman,Michael B Enzi,0.0,2.0,2
Rob Portman,Richard C Shelby,2.0,0.0,2
Sherrod Brown,Roger F Wicker,0.0,2.0,2
Sherrod Brown,Richard M Burr,2.0,0.0,2
Sherrod Brown,Lindsey O Graham,2.0,0.0,2
Sherrod Brown,Jerry Moran,0.0,2.0,2
Sherrod Brown,Debbie Stabenow,1.0,1.0,2
Sherrod Brown,Roy Blunt,0.0,2.0,2
Sherrod Brown,John Thune,0.0,2.0,2
Sherrod Brown,John Hardy Isakson,2.0,0.0,2
Sherrod Brown,Tom Udall,0.0,2.0,2
Sherrod Brown,Patrick Joseph Toomey,0.0,2.0,2
Sherrod Brown,Tammy Baldwin,2.0,0.0,2
Sherrod Brown,Maria Cantwell,0.0,2.0,2
Sherrod Brown,Lisa Murkowski,2.0,0.0,2
Sherrod Brown,Lamar Alexander,2.0,0.0,2
Sherrod Brown,John Cornyn,0.0,2.0,2
Sherrod Brown,Amy Klobuchar,0.0,2.0,2
Sherrod Brown,Jon Tester,0.0,2.0,2
Sherrod Brown,Robert P Jr Casey,0.0,2.0,2
Sherrod Brown,Sheldon II Whitehouse,0.0,2.0,2
Sherrod Brown,John A Barrasso,0.0,2.0,2
Sherrod Brown,James E Risch,1.0,1.0,2
Sherrod Brown,Jeanne Shaheen,0.0,2.0,2
Sherrod Brown,Jeffrey Alan Merkley,2.0,0.0,2
Sherrod Brown,Mark Robert Warner,0.0,2.0,2
Sherrod Brown,Michael F Bennet,0.0,2.0,2
Sherrod Brown,Joe Manchin III,0.0,2.0,2
Sherrod Brown,Christopher A Coons,0.0,2.0,2
Sherrod Brown,Richard Blumenthal,0.0,2.0,2
Sherrod Brown,Marco Rubio,0.0,2.0,2
Sherrod Brown,Rand Paul,0.0,2.0,2
Sherrod Brown,John Hoeven,0.0,2.0,2
Sherrod Brown,Mike Lee,0.0,2.0,2
Sherrod Brown,Ronald Harold Johnson,2.0,0.0,2
Sherrod Brown,Brian Schatz,0.0,2.0,2
Sherrod Brown,Angus Stanley Jr King,0.0,2.0,2
Sherrod Brown,Elizabeth Warren,2.0,0.0,2
Sherrod Brown,Debra S Fischer,2.0,0.0,2
Sherrod Brown,Rafael Edward Ted Cruz,0.0,2.0,2
Sherrod Brown,Timothy Michael Kaine,0.0,2.0,2
Sherrod Brown,Cory A Booker,1.0,1.0,2
Sherrod Brown,Dan Sullivan,0.0,2.0,2
Sherrod Brown,David Perdue,0.0,2.0,2
Sherrod Brown,Joni K Ernst,0.0,2.0,2
Sherrod Brown,Benjamin E Sasse,2.0,0.0,2
Sherrod Brown,Thom R Tillis,0.0,2.0,2
Sherrod Brown,Mike Rounds,0.0,2.0,2
Sherrod Brown,Catherine Cortez Masto,0.0,2.0,2
Sherrod Brown,Kamala D Harris,1.0,1.0,2
Sherrod Brown,John Neely Kennedy,0.0,2.0,2
Sherrod Brown,Doug Jones,0.0,2.0,2
Sherrod Brown,Tina Flint Smith,0.0,2.0,2
Sherrod Brown,Cindy Hyde Smith,2.0,0.0,2
Sherrod Brown,Mike Braun,0.0,2.0,2
Sherrod Brown,Joshua David Hawley,0.0,2.0,2
Sherrod Brown,Mitt Willard Romney,0.0,2.0,2
Sherrod Brown,Rick Scott,0.0,2.0,2
Sherrod Brown,Kelly Loeffler,0.0,2.0,2
Sherrod Brown,Mark Kelly,0.0,2.0,2
Sherrod Brown,Dianne Feinstein,2.0,0.0,2
Sherrod Brown,Patty Murray,0.0,2.0,2
Sherrod Brown,Susan M Collins,0.0,2.0,2
Sherrod Brown,Michael B Enzi,2.0,0.0,2
Sherrod Brown,Richard C Shelby,2.0,0.0,2
Roger F Wicker,Richard M Burr,2.0,0.0,2
Roger F Wicker,Lindsey O Graham,0.0,2.0,2
Roger F Wicker,Jerry Moran,2.0,0.0,2
Roger F Wicker,Debbie Stabenow,2.0,0.0,2
Roger F Wicker,Roy Blunt,2.0,0.0,2
Roger F Wicker,John Thune,2.0,0.0,2
Roger F Wicker,John Hardy Isakson,1.0,1.0,2
Roger F Wicker,Tom Udall,0.0,2.0,2
Roger F Wicker,Patrick Joseph Toomey,2.0,0.0,2
Roger F Wicker,Tammy Baldwin,2.0,0.0,2
Roger F Wicker,Maria Cantwell,1.0,1.0,2
Roger F Wicker,Lisa Murkowski,1.0,1.0,2
Roger F Wicker,Lamar Alexander,1.0,1.0,2
Roger F Wicker,John Cornyn,2.0,0.0,2
Roger F Wicker,Amy Klobuchar,0.0,2.0,2
Roger F Wicker,Jon Tester,0.0,2.0,2
Roger F Wicker,Robert P Jr Casey,2.0,0.0,2
Roger F Wicker,Sheldon II Whitehouse,2.0,0.0,2
Roger F Wicker,John A Barrasso,2.0,0.0,2
Roger F Wicker,James E Risch,2.0,0.0,2
Roger F Wicker,Jeanne Shaheen,1.0,1.0,2
Roger F Wicker,Jeffrey Alan Merkley,2.0,0.0,2
Roger F Wicker,Mark Robert Warner,2.0,0.0,2
Roger F Wicker,Michael F Bennet,2.0,0.0,2
Roger F Wicker,Joe Manchin III,2.0,0.0,2
Roger F Wicker,Christopher A Coons,2.0,0.0,2
Roger F Wicker,Richard Blumenthal,2.0,0.0,2
Roger F Wicker,Marco Rubio,2.0,0.0,2
Roger F Wicker,Rand Paul,2.0,0.0,2
Roger F Wicker,John Hoeven,2.0,0.0,2
Roger F Wicker,Mike Lee,2.0,0.0,2
Roger F Wicker,Ronald Harold Johnson,2.0,0.0,2
Roger F Wicker,Brian Schatz,0.0,2.0,2
Roger F Wicker,Angus Stanley Jr King,2.0,0.0,2
Roger F Wicker,Elizabeth Warren,2.0,0.0,2
Roger F Wicker,Debra S Fischer,2.0,0.0,2
Roger F Wicker,Rafael Edward Ted Cruz,0.0,2.0,2
Roger F Wicker,Timothy Michael Kaine,2.0,0.0,2
Roger F Wicker,Cory A Booker,2.0,0.0,2
Roger F Wicker,Dan Sullivan,2.0,0.0,2
Roger F Wicker,David Perdue,2.0,0.0,2
Roger F Wicker,Joni K Ernst,2.0,0.0,2
Roger F Wicker,Benjamin E Sasse,2.0,0.0,2
Roger F Wicker,Thom R Tillis,2.0,0.0,2
Roger F Wicker,Mike Rounds,2.0,0.0,2
Roger F Wicker,Catherine Cortez Masto,2.0,0.0,2
Roger F Wicker,Kamala D Harris,2.0,0.0,2
Roger F Wicker,John Neely Kennedy,2.0,0.0,2
Roger F Wicker,Doug Jones,0.0,2.0,2
Roger F Wicker,Tina Flint Smith,2.0,0.0,2
Roger F Wicker,Cindy Hyde Smith,2.0,0.0,2
Roger F Wicker,Mike Braun,2.0,0.0,2
Roger F Wicker,Joshua David Hawley,2.0,0.0,2
Roger F Wicker,Mitt Willard Romney,2.0,0.0,2
Roger F Wicker,Rick Scott,2.0,0.0,2
Roger F Wicker,Kelly Loeffler,2.0,0.0,2
Roger F Wicker,Mark Kelly,0.0,2.0,2
Roger F Wicker,Dianne Feinstein,2.0,0.0,2
Roger F Wicker,Patty Murray,0.0,2.0,2
Roger F Wicker,Susan M Collins,1.0,1.0,2
Roger F Wicker,Michael B Enzi,0.0,2.0,2
Roger F Wicker,Richard C Shelby,1.0,1.0,2
Richard M Burr,Lindsey O Graham,2.0,0.0,2
Richard M Burr,Jerry Moran,2.0,0.0,2
Richard M Burr,Debbie Stabenow,2.0,0.0,2
Richard M Burr,Roy Blunt,2.0,0.0,2
Richard M Burr,John Thune,2.0,0.0,2
Richard M Burr,John Hardy Isakson,0.0,2.0,2
Richard M Burr,Tom Udall,2.0,0.0,2
Richard M Burr,Patrick Joseph Toomey,2.0,0.0,2
Richard M Burr,Tammy Baldwin,2.0,0.0,2
Richard M Burr,Maria Cantwell,2.0,0.0,2
Richard M Burr,Lisa Murkowski,1.0,1.0,2
Richard M Burr,Lamar Alexander,2.0,0.0,2
Richard M Burr,John Cornyn,2.0,0.0,2
Richard M Burr,Amy Klobuchar,0.0,2.0,2
Richard M Burr,Jon Tester,0.0,2.0,2
Richard M Burr,Robert P Jr Casey,2.0,0.0,2
Richard M Burr,Sheldon II Whitehouse,2.0,0.0,2
Richard M Burr,John A Barrasso,0.0,2.0,2
Richard M Burr,James E Risch,2.0,0.0,2
Richard M Burr,Jeanne Shaheen,1.0,1.0,2
Richard M Burr,Jeffrey Alan Merkley,2.0,0.0,2
Richard M Burr,Mark Robert Warner,2.0,0.0,2
Richard M Burr,Michael F Bennet,2.0,0.0,2
Richard M Burr,Joe Manchin III,2.0,0.0,2
Richard M Burr,Christopher A Coons,2.0,0.0,2
Richard M Burr,Richard Blumenthal,2.0,0.0,2
Richard M Burr,Marco Rubio,1.0,1.0,2
Richard M Burr,Rand Paul,2.0,0.0,2
Richard M Burr,John Hoeven,2.0,0.0,2
Richard M Burr,Mike Lee,0.0,2.0,2
Richard M Burr,Ronald Harold Johnson,0.0,2.0,2
Richard M Burr,Brian Schatz,0.0,2.0,2
Richard M Burr,Angus Stanley Jr King,2.0,0.0,2
Richard M Burr,Elizabeth Warren,2.0,0.0,2
Richard M Burr,Debra S Fischer,2.0,0.0,2
Richard M Burr,Rafael Edward Ted Cruz,0.0,2.0,2
Richard M Burr,Timothy Michael Kaine,2.0,0.0,2
Richard M Burr,Cory A Booker,2.0,0.0,2
Richard M Burr,Dan Sullivan,2.0,0.0,2
Richard M Burr,David Perdue,0.0,2.0,2
Richard M Burr,Joni K Ernst,2.0,0.0,2
Richard M Burr,Benjamin E Sasse,0.0,2.0,2
Richard M Burr,Thom R Tillis,2.0,0.0,2
Richard M Burr,Mike Rounds,2.0,0.0,2
Richard M Burr,Catherine Cortez Masto,2.0,0.0,2
Richard M Burr,Kamala D Harris,2.0,0.0,2
Richard M Burr,John Neely Kennedy,2.0,0.0,2
Richard M Burr,Doug Jones,2.0,0.0,2
Richard M Burr,Tina Flint Smith,2.0,0.0,2
Richard M Burr,Cindy Hyde Smith,1.0,1.0,2
Richard M Burr,Mike Braun,2.0,0.0,2
Richard M Burr,Joshua David Hawley,0.0,2.0,2
Richard M Burr,Mitt Willard Romney,2.0,0.0,2
Richard M Burr,Rick Scott,1.0,1.0,2
Richard M Burr,Kelly Loeffler,2.0,0.0,2
Richard M Burr,Mark Kelly,0.0,2.0,2
Richard M Burr,Dianne Feinstein,2.0,0.0,2
Richard M Burr,Patty Murray,2.0,0.0,2
Richard M Burr,Susan M Collins,2.0,0.0,2
Richard M Burr,Michael B Enzi,0.0,2.0,2
Richard M Burr,Richard C Shelby,2.0,0.0,2
Lindsey O Graham,Jerry Moran,2.0,0.0,2
Lindsey O Graham,Debbie Stabenow,0.0,2.0,2
Lindsey O Graham,Roy Blunt,1.0,1.0,2
Lindsey O Graham,John Thune,1.0,1.0,2
Lindsey O Graham,John Hardy Isakson,1.0,1.0,2
Lindsey O Graham,Tom Udall,0.0,2.0,2
Lindsey O Graham,Patrick Joseph Toomey,2.0,0.0,2
Lindsey O Graham,Tammy Baldwin,0.0,2.0,2
Lindsey O Graham,Maria Cantwell,1.0,1.0,2
Lindsey O Graham,Lisa Murkowski,2.0,0.0,2
Lindsey O Graham,Lamar Alexander,2.0,0.0,2
Lindsey O Graham,John Cornyn,2.0,0.0,2
Lindsey O Graham,Amy Klobuchar,0.0,2.0,2
Lindsey O Graham,Jon Tester,0.0,2.0,2
Lindsey O Graham,Robert P Jr Casey,2.0,0.0,2
Lindsey O Graham,Sheldon II Whitehouse,2.0,0.0,2
Lindsey O Graham,John A Barrasso,2.0,0.0,2
Lindsey O Graham,James E Risch,1.0,1.0,2
Lindsey O Graham,Jeanne Shaheen,1.0,1.0,2
Lindsey O Graham,Jeffrey Alan Merkley,2.0,0.0,2
Lindsey O Graham,Mark Robert Warner,0.0,2.0,2
Lindsey O Graham,Michael F Bennet,1.0,1.0,2
Lindsey O Graham,Joe Manchin III,0.0,2.0,2
Lindsey O Graham,Christopher A Coons,2.0,0.0,2
Lindsey O Graham,Richard Blumenthal,0.0,2.0,2
Lindsey O Graham,Marco Rubio,2.0,0.0,2
Lindsey O Graham,Rand Paul,2.0,0.0,2
Lindsey O Graham,John Hoeven,2.0,0.0,2
Lindsey O Graham,Mike Lee,2.0,0.0,2
Lindsey O Graham,Ronald Harold Johnson,0.0,2.0,2
Lindsey O Graham,Brian Schatz,0.0,2.0,2
Lindsey O Graham,Angus Stanley Jr King,2.0,0.0,2
Lindsey O Graham,Elizabeth Warren,2.0,0.0,2
Lindsey O Graham,Debra S Fischer,2.0,0.0,2
Lindsey O Graham,Rafael Edward Ted Cruz,0.0,2.0,2
Lindsey O Graham,Timothy Michael Kaine,2.0,0.0,2
Lindsey O Graham,Cory A Booker,2.0,0.0,2
Lindsey O Graham,Dan Sullivan,0.0,2.0,2
Lindsey O Graham,David Perdue,2.0,0.0,2
Lindsey O Graham,Joni K Ernst,2.0,0.0,2
Lindsey O Graham,Benjamin E Sasse,1.0,1.0,2
Lindsey O Graham,Thom R Tillis,2.0,0.0,2
Lindsey O Graham,Mike Rounds,1.0,1.0,2
Lindsey O Graham,Catherine Cortez Masto,2.0,0.0,2
Lindsey O Graham,Kamala D Harris,0.0,2.0,2
Lindsey O Graham,John Neely Kennedy,1.0,1.0,2
Lindsey O Graham,Doug Jones,0.0,2.0,2
Lindsey O Graham,Tina Flint Smith,0.0,2.0,2
Lindsey O Graham,Cindy Hyde Smith,2.0,0.0,2
Lindsey O Graham,Mike Braun,2.0,0.0,2
Lindsey O Graham,Joshua David Hawley,0.0,2.0,2
Lindsey O Graham,Mitt Willard Romney,2.0,0.0,2
Lindsey O Graham,Rick Scott,2.0,0.0,2
Lindsey O Graham,Kelly Loeffler,2.0,0.0,2
Lindsey O Graham,Mark Kelly,0.0,2.0,2
Lindsey O Graham,Dianne Feinstein,2.0,0.0,2
Lindsey O Graham,Patty Murray,0.0,2.0,2
Lindsey O Graham,Susan M Collins,2.0,0.0,2
Lindsey O Graham,Michael B Enzi,2.0,0.0,2
Lindsey O Graham,Richard C Shelby,2.0,0.0,2
Jerry Moran,Debbie Stabenow,2.0,0.0,2
Jerry Moran,Roy Blunt,2.0,0.0,2
Jerry Moran,John Thune,2.0,0.0,2
Jerry Moran,John Hardy Isakson,2.0,0.0,2
Jerry Moran,Tom Udall,2.0,0.0,2
Jerry Moran,Patrick Joseph Toomey,0.0,2.0,2
Jerry Moran,Tammy Baldwin,2.0,0.0,2
Jerry Moran,Maria Cantwell,2.0,0.0,2
Jerry Moran,Lisa Murkowski,2.0,0.0,2
Jerry Moran,Lamar Alexander,2.0,0.0,2
Jerry Moran,John Cornyn,0.0,2.0,2
Jerry Moran,Amy Klobuchar,2.0,0.0,2
Jerry Moran,Jon Tester,0.0,2.0,2
Jerry Moran,Robert P Jr Casey,2.0,0.0,2
Jerry Moran,Sheldon II Whitehouse,2.0,0.0,2
Jerry Moran,John A Barrasso,0.0,2.0,2
Jerry Moran,James E Risch,0.0,2.0,2
Jerry Moran,Jeanne Shaheen,2.0,0.0,2
Jerry Moran,Jeffrey Alan Merkley,2.0,0.0,2
Jerry Moran,Mark Robert Warner,2.0,0.0,2
Jerry Moran,Michael F Bennet,2.0,0.0,2
Jerry Moran,Joe Manchin III,2.0,0.0,2
Jerry Moran,Christopher A Coons,2.0,0.0,2
Jerry Moran,Richard Blumenthal,2.0,0.0,2
Jerry Moran,Marco Rubio,2.0,0.0,2
Jerry Moran,Rand Paul,0.0,2.0,2
Jerry Moran,John Hoeven,2.0,0.0,2
Jerry Moran,Mike Lee,2.0,0.0,2
Jerry Moran,Ronald Harold Johnson,0.0,2.0,2
Jerry Moran,Brian Schatz,2.0,0.0,2
Jerry Moran,Angus Stanley Jr King,2.0,0.0,2
Jerry Moran,Elizabeth Warren,2.0,0.0,2
Jerry Moran,Debra S Fischer,2.0,0.0,2
Jerry Moran,Rafael Edward Ted Cruz,0.0,2.0,2
Jerry Moran,Timothy Michael Kaine,2.0,0.0,2
Jerry Moran,Cory A Booker,2.0,0.0,2
Jerry Moran,Dan Sullivan,0.0,2.0,2
Jerry Moran,David Perdue,0.0,2.0,2
Jerry Moran,Joni K Ernst,1.0,1.0,2
Jerry Moran,Benjamin E Sasse,0.0,2.0,2
Jerry Moran,Thom R Tillis,2.0,0.0,2
Jerry Moran,Mike Rounds,2.0,0.0,2
Jerry Moran,Catherine Cortez Masto,2.0,0.0,2
Jerry Moran,Kamala D Harris,2.0,0.0,2
Jerry Moran,John Neely Kennedy,0.0,2.0,2
Jerry Moran,Doug Jones,0.0,2.0,2
Jerry Moran,Tina Flint Smith,2.0,0.0,2
Jerry Moran,Cindy Hyde Smith,0.0,2.0,2
Jerry Moran,Mike Braun,2.0,0.0,2
Jerry Moran,Joshua David Hawley,0.0,2.0,2
Jerry Moran,Mitt Willard Romney,1.0,1.0,2
Jerry Moran,Rick Scott,1.0,1.0,2
Jerry Moran,Kelly Loeffler,2.0,0.0,2
Jerry Moran,Mark Kelly,0.0,2.0,2
Jerry Moran,Dianne Feinstein,0.0,2.0,2
Jerry Moran,Patty Murray,2.0,0.0,2
Jerry Moran,Susan M Collins,0.0,2.0,2
Jerry Moran,Michael B Enzi,0.0,2.0,2
Jerry Moran,Richard C Shelby,0.0,2.0,2
Debbie Stabenow,Roy Blunt,0.0,2.0,2
Debbie Stabenow,John Thune,0.0,2.0,2
Debbie Stabenow,John Hardy Isakson,0.0,2.0,2
Debbie Stabenow,Tom Udall,0.0,2.0,2
Debbie Stabenow,Patrick Joseph Toomey,0.0,2.0,2
Debbie Stabenow,Tammy Baldwin,2.0,0.0,2
Debbie Stabenow,Maria Cantwell,1.0,1.0,2
Debbie Stabenow,Lisa Murkowski,0.0,2.0,2
Debbie Stabenow,Lamar Alexander,0.0,2.0,2
Debbie Stabenow,John Cornyn,0.0,2.0,2
Debbie Stabenow,Amy Klobuchar,1.0,1.0,2
Debbie Stabenow,Jon Tester,0.0,2.0,2
Debbie Stabenow,Robert P Jr Casey,0.0,2.0,2
Debbie Stabenow,Sheldon II Whitehouse,2.0,0.0,2
Debbie Stabenow,John A Barrasso,1.0,1.0,2
Debbie Stabenow,James E Risch,0.0,2.0,2
Debbie Stabenow,Jeanne Shaheen,0.0,2.0,2
Debbie Stabenow,Jeffrey Alan Merkley,2.0,0.0,2
Debbie Stabenow,Mark Robert Warner,1.0,1.0,2
Debbie Stabenow,Michael F Bennet,0.0,2.0,2
Debbie Stabenow,Joe Manchin III,0.0,2.0,2
Debbie Stabenow,Christopher A Coons,1.0,1.0,2
Debbie Stabenow,Richard Blumenthal,0.0,2.0,2
Debbie Stabenow,Marco Rubio,0.0,2.0,2
Debbie Stabenow,Rand Paul,0.0,2.0,2
Debbie Stabenow,John Hoeven,0.0,2.0,2
Debbie Stabenow,Mike Lee,0.0,2.0,2
Debbie Stabenow,Ronald Harold Johnson,0.0,2.0,2
Debbie Stabenow,Brian Schatz,0.0,2.0,2
Debbie Stabenow,Angus Stanley Jr King,0.0,2.0,2
Debbie Stabenow,Elizabeth Warren,2.0,0.0,2
Debbie Stabenow,Debra S Fischer,1.0,1.0,2
Debbie Stabenow,Rafael Edward Ted Cruz,2.0,0.0,2
Debbie Stabenow,Timothy Michael Kaine,1.0,1.0,2
Debbie Stabenow,Cory A Booker,2.0,0.0,2
Debbie Stabenow,Dan Sullivan,1.0,1.0,2
Debbie Stabenow,David Perdue,0.0,2.0,2
Debbie Stabenow,Joni K Ernst,0.0,2.0,2
Debbie Stabenow,Benjamin E Sasse,2.0,0.0,2
Debbie Stabenow,Thom R Tillis,0.0,2.0,2
Debbie Stabenow,Mike Rounds,0.0,2.0,2
Debbie Stabenow,Catherine Cortez Masto,0.0,2.0,2
Debbie Stabenow,Kamala D Harris,1.0,1.0,2
Debbie Stabenow,John Neely Kennedy,0.0,2.0,2
Debbie Stabenow,Doug Jones,0.0,2.0,2
Debbie Stabenow,Tina Flint Smith,1.0,1.0,2
Debbie Stabenow,Cindy Hyde Smith,0.0,2.0,2
Debbie Stabenow,Mike Braun,0.0,2.0,2
Debbie Stabenow,Joshua David Hawley,0.0,2.0,2
Debbie Stabenow,Mitt Willard Romney,0.0,2.0,2
Debbie Stabenow,Rick Scott,0.0,2.0,2
Debbie Stabenow,Kelly Loeffler,0.0,2.0,2
Debbie Stabenow,Mark Kelly,1.0,1.0,2
Debbie Stabenow,Dianne Feinstein,1.0,1.0,2
Debbie Stabenow,Patty Murray,0.0,2.0,2
Debbie Stabenow,Susan M Collins,1.0,1.0,2
Debbie Stabenow,Michael B Enzi,0.0,2.0,2
Debbie Stabenow,Richard C Shelby,0.0,2.0,2
Roy Blunt,John Thune,1.0,1.0,2
Roy Blunt,John Hardy Isakson,1.0,1.0,2
Roy Blunt,Tom Udall,1.0,1.0,2
Roy Blunt,Patrick Joseph Toomey,1.0,1.0,2
Roy Blunt,Tammy Baldwin,2.0,0.0,2
Roy Blunt,Maria Cantwell,2.0,0.0,2
Roy Blunt,Lisa Murkowski,0.0,2.0,2
Roy Blunt,Lamar Alexander,2.0,0.0,2
Roy Blunt,John Cornyn,0.0,2.0,2
Roy Blunt,Amy Klobuchar,2.0,0.0,2
Roy Blunt,Jon Tester,2.0,0.0,2
Roy Blunt,Robert P Jr Casey,2.0,0.0,2
Roy Blunt,Sheldon II Whitehouse,2.0,0.0,2
Roy Blunt,John A Barrasso,2.0,0.0,2
Roy Blunt,James E Risch,2.0,0.0,2
Roy Blunt,Jeanne Shaheen,2.0,0.0,2
Roy Blunt,Jeffrey Alan Merkley,2.0,0.0,2
Roy Blunt,Mark Robert Warner,2.0,0.0,2
Roy Blunt,Michael F Bennet,2.0,0.0,2
Roy Blunt,Joe Manchin III,2.0,0.0,2
Roy Blunt,Christopher A Coons,2.0,0.0,2
Roy Blunt,Richard Blumenthal,2.0,0.0,2
Roy Blunt,Marco Rubio,0.0,2.0,2
Roy Blunt,Rand Paul,1.0,1.0,2
Roy Blunt,John Hoeven,2.0,0.0,2
Roy Blunt,Mike Lee,2.0,0.0,2
Roy Blunt,Ronald Harold Johnson,0.0,2.0,2
Roy Blunt,Brian Schatz,2.0,0.0,2
Roy Blunt,Angus Stanley Jr King,2.0,0.0,2
Roy Blunt,Elizabeth Warren,2.0,0.0,2
Roy Blunt,Debra S Fischer,2.0,0.0,2
Roy Blunt,Rafael Edward Ted Cruz,0.0,2.0,2
Roy Blunt,Timothy Michael Kaine,2.0,0.0,2
Roy Blunt,Cory A Booker,2.0,0.0,2
Roy Blunt,Dan Sullivan,2.0,0.0,2
Roy Blunt,David Perdue,0.0,2.0,2
Roy Blunt,Joni K Ernst,2.0,0.0,2
Roy Blunt,Benjamin E Sasse,0.0,2.0,2
Roy Blunt,Thom R Tillis,2.0,0.0,2
Roy Blunt,Mike Rounds,1.0,1.0,2
Roy Blunt,Catherine Cortez Masto,2.0,0.0,2
Roy Blunt,Kamala D Harris,2.0,0.0,2
Roy Blunt,John Neely Kennedy,0.0,2.0,2
Roy Blunt,Doug Jones,2.0,0.0,2
Roy Blunt,Tina Flint Smith,1.0,1.0,2
Roy Blunt,Cindy Hyde Smith,2.0,0.0,2
Roy Blunt,Mike Braun,0.0,2.0,2
Roy Blunt,Joshua David Hawley,0.0,2.0,2
Roy Blunt,Mitt Willard Romney,2.0,0.0,2
Roy Blunt,Rick Scott,1.0,1.0,2
Roy Blunt,Kelly Loeffler,2.0,0.0,2
Roy Blunt,Mark Kelly,2.0,0.0,2
Roy Blunt,Dianne Feinstein,2.0,0.0,2
Roy Blunt,Patty Murray,2.0,0.0,2
Roy Blunt,Susan M Collins,2.0,0.0,2
Roy Blunt,Michael B Enzi,2.0,0.0,2
Roy Blunt,Richard C Shelby,0.0,2.0,2
John Thune,John Hardy Isakson,2.0,0.0,2
John Thune,Tom Udall,0.0,2.0,2
John Thune,Patrick Joseph Toomey,0.0,2.0,2
John Thune,Tammy Baldwin,2.0,0.0,2
John Thune,Maria Cantwell,2.0,0.0,2
John Thune,Lisa Murkowski,2.0,0.0,2
John Thune,Lamar Alexander,2.0,0.0,2
John Thune,John Cornyn,1.0,1.0,2
John Thune,Amy Klobuchar,2.0,0.0,2
John Thune,Jon Tester,1.0,1.0,2
John Thune,Robert P Jr Casey,2.0,0.0,2
John Thune,Sheldon II Whitehouse,2.0,0.0,2
John Thune,John A Barrasso,0.0,2.0,2
John Thune,James E Risch,0.0,2.0,2
John Thune,Jeanne Shaheen,2.0,0.0,2
John Thune,Jeffrey Alan Merkley,2.0,0.0,2
John Thune,Mark Robert Warner,2.0,0.0,2
John Thune,Michael F Bennet,2.0,0.0,2
John Thune,Joe Manchin III,2.0,0.0,2
John Thune,Christopher A Coons,2.0,0.0,2
John Thune,Richard Blumenthal,2.0,0.0,2
John Thune,Marco Rubio,2.0,0.0,2
John Thune,Rand Paul,0.0,2.0,2
John Thune,John Hoeven,1.0,1.0,2
John Thune,Mike Lee,2.0,0.0,2
John Thune,Ronald Harold Johnson,0.0,2.0,2
John Thune,Brian Schatz,2.0,0.0,2
John Thune,Angus Stanley Jr King,2.0,0.0,2
John Thune,Elizabeth Warren,2.0,0.0,2
John Thune,Debra S Fischer,2.0,0.0,2
John Thune,Rafael Edward Ted Cruz,0.0,2.0,2
John Thune,Timothy Michael Kaine,2.0,0.0,2
John Thune,Cory A Booker,2.0,0.0,2
John Thune,Dan Sullivan,0.0,2.0,2
John Thune,David Perdue,0.0,2.0,2
John Thune,Joni K Ernst,1.0,1.0,2
John Thune,Benjamin E Sasse,0.0,2.0,2
John Thune,Thom R Tillis,1.0,1.0,2
John Thune,Mike Rounds,1.0,1.0,2
John Thune,Catherine Cortez Masto,2.0,0.0,2
John Thune,Kamala D Harris,2.0,0.0,2
John Thune,John Neely Kennedy,0.0,2.0,2
John Thune,Doug Jones,1.0,1.0,2
John Thune,Tina Flint Smith,2.0,0.0,2
John Thune,Cindy Hyde Smith,2.0,0.0,2
John Thune,Mike Braun,1.0,1.0,2
John Thune,Joshua David Hawley,0.0,2.0,2
John Thune,Mitt Willard Romney,0.0,2.0,2
John Thune,Rick Scott,1.0,1.0,2
John Thune,Kelly Loeffler,2.0,0.0,2
John Thune,Mark Kelly,1.0,1.0,2
John Thune,Dianne Feinstein,2.0,0.0,2
John Thune,Patty Murray,2.0,0.0,2
John Thune,Susan M Collins,2.0,0.0,2
John Thune,Michael B Enzi,2.0,0.0,2
John Thune,Richard C Shelby,2.0,0.0,2
John Hardy Isakson,Tom Udall,2.0,0.0,2
John Hardy Isakson,Patrick Joseph Toomey,1.0,1.0,2
John Hardy Isakson,Tammy Baldwin,2.0,0.0,2
John Hardy Isakson,Maria Cantwell,0.0,2.0,2
John Hardy Isakson,Lisa Murkowski,2.0,0.0,2
John Hardy Isakson,Lamar Alexander,2.0,0.0,2
John Hardy Isakson,John Cornyn,2.0,0.0,2
John Hardy Isakson,Amy Klobuchar,0.0,2.0,2
John Hardy Isakson,Jon Tester,0.0,2.0,2
John Hardy Isakson,Robert P Jr Casey,2.0,0.0,2
John Hardy Isakson,Sheldon II Whitehouse,2.0,0.0,2
John Hardy Isakson,John A Barrasso,0.0,2.0,2
John Hardy Isakson,James E Risch,0.0,2.0,2
John Hardy Isakson,Jeanne Shaheen,0.0,2.0,2
John Hardy Isakson,Jeffrey Alan Merkley,2.0,0.0,2
John Hardy Isakson,Mark Robert Warner,1.0,1.0,2
John Hardy Isakson,Michael F Bennet,2.0,0.0,2
John Hardy Isakson,Joe Manchin III,2.0,0.0,2
John Hardy Isakson,Christopher A Coons,2.0,0.0,2
John Hardy Isakson,Richard Blumenthal,2.0,0.0,2
John Hardy Isakson,Marco Rubio,2.0,0.0,2
John Hardy Isakson,Rand Paul,0.0,2.0,2
John Hardy Isakson,John Hoeven,2.0,0.0,2
John Hardy Isakson,Mike Lee,2.0,0.0,2
John Hardy Isakson,Ronald Harold Johnson,2.0,0.0,2
John Hardy Isakson,Brian Schatz,2.0,0.0,2
John Hardy Isakson,Angus Stanley Jr King,2.0,0.0,2
John Hardy Isakson,Elizabeth Warren,2.0,0.0,2
John Hardy Isakson,Debra S Fischer,1.0,1.0,2
John Hardy Isakson,Rafael Edward Ted Cruz,0.0,2.0,2
John Hardy Isakson,Timothy Michael Kaine,2.0,0.0,2
John Hardy Isakson,Cory A Booker,2.0,0.0,2
John Hardy Isakson,Dan Sullivan,2.0,0.0,2
John Hardy Isakson,David Perdue,1.0,1.0,2
John Hardy Isakson,Joni K Ernst,2.0,0.0,2
John Hardy Isakson,Benjamin E Sasse,0.0,2.0,2
John Hardy Isakson,Thom R Tillis,2.0,0.0,2
John Hardy Isakson,Mike Rounds,2.0,0.0,2
John Hardy Isakson,Catherine Cortez Masto,2.0,0.0,2
John Hardy Isakson,Kamala D Harris,0.0,2.0,2
John Hardy Isakson,John Neely Kennedy,2.0,0.0,2
John Hardy Isakson,Doug Jones,2.0,0.0,2
John Hardy Isakson,Tina Flint Smith,1.0,1.0,2
John Hardy Isakson,Cindy Hyde Smith,2.0,0.0,2
John Hardy Isakson,Mike Braun,2.0,0.0,2
John Hardy Isakson,Joshua David Hawley,0.0,2.0,2
John Hardy Isakson,Mitt Willard Romney,1.0,1.0,2
John Hardy Isakson,Rick Scott,0.0,2.0,2
John Hardy Isakson,Kelly Loeffler,1.0,1.0,2
John Hardy Isakson,Mark Kelly,0.0,2.0,2
John Hardy Isakson,Dianne Feinstein,0.0,2.0,2
John Hardy Isakson,Patty Murray,2.0,0.0,2
John Hardy Isakson,Susan M Collins,2.0,0.0,2
John Hardy Isakson,Michael B Enzi,1.0,1.0,2
John Hardy Isakson,Richard C Shelby,0.0,2.0,2
Tom Udall,Patrick Joseph Toomey,0.0,2.0,2
Tom Udall,Tammy Baldwin,2.0,0.0,2
Tom Udall,Maria Cantwell,0.0,2.0,2
Tom Udall,Lisa Murkowski,0.0,2.0,2
Tom Udall,Lamar Alexander,0.0,2.0,2
Tom Udall,John Cornyn,2.0,0.0,2
Tom Udall,Amy Klobuchar,0.0,2.0,2
Tom Udall,Jon Tester,0.0,2.0,2
Tom Udall,Robert P Jr Casey,0.0,2.0,2
Tom Udall,Sheldon II Whitehouse,2.0,0.0,2
Tom Udall,John A Barrasso,0.0,2.0,2
Tom Udall,James E Risch,0.0,2.0,2
Tom Udall,Jeanne Shaheen,0.0,2.0,2
Tom Udall,Jeffrey Alan Merkley,2.0,0.0,2
Tom Udall,Mark Robert Warner,2.0,0.0,2
Tom Udall,Michael F Bennet,0.0,2.0,2
Tom Udall,Joe Manchin III,0.0,2.0,2
Tom Udall,Christopher A Coons,1.0,1.0,2
Tom Udall,Richard Blumenthal,0.0,2.0,2
Tom Udall,Marco Rubio,0.0,2.0,2
Tom Udall,Rand Paul,1.0,1.0,2
Tom Udall,John Hoeven,0.0,2.0,2
Tom Udall,Mike Lee,0.0,2.0,2
Tom Udall,Ronald Harold Johnson,2.0,0.0,2
Tom Udall,Brian Schatz,2.0,0.0,2
Tom Udall,Angus Stanley Jr King,0.0,2.0,2
Tom Udall,Elizabeth Warren,2.0,0.0,2
Tom Udall,Debra S Fischer,0.0,2.0,2
Tom Udall,Rafael Edward Ted Cruz,0.0,2.0,2
Tom Udall,Timothy Michael Kaine,2.0,0.0,2
Tom Udall,Cory A Booker,2.0,0.0,2
Tom Udall,Dan Sullivan,0.0,2.0,2
Tom Udall,David Perdue,0.0,2.0,2
Tom Udall,Joni K Ernst,0.0,2.0,2
Tom Udall,Benjamin E Sasse,0.0,2.0,2
Tom Udall,Thom R Tillis,0.0,2.0,2
Tom Udall,Mike Rounds,1.0,1.0,2
Tom Udall,Catherine Cortez Masto,1.0,1.0,2
Tom Udall,Kamala D Harris,2.0,0.0,2
Tom Udall,John Neely Kennedy,0.0,2.0,2
Tom Udall,Doug Jones,0.0,2.0,2
Tom Udall,Tina Flint Smith,0.0,2.0,2
Tom Udall,Cindy Hyde Smith,0.0,2.0,2
Tom Udall,Mike Braun,0.0,2.0,2
Tom Udall,Joshua David Hawley,0.0,2.0,2
Tom Udall,Mitt Willard Romney,0.0,2.0,2
Tom Udall,Rick Scott,2.0,0.0,2
Tom Udall,Kelly Loeffler,2.0,0.0,2
Tom Udall,Mark Kelly,2.0,0.0,2
Tom Udall,Dianne Feinstein,1.0,1.0,2
Tom Udall,Patty Murray,2.0,0.0,2
Tom Udall,Susan M Collins,2.0,0.0,2
Tom Udall,Michael B Enzi,0.0,2.0,2
Tom Udall,Richard C Shelby,0.0,2.0,2
Patrick Joseph Toomey,Tammy Baldwin,2.0,0.0,2
Patrick Joseph Toomey,Maria Cantwell,0.0,2.0,2
Patrick Joseph Toomey,Lisa Murkowski,2.0,0.0,2
Patrick Joseph Toomey,Lamar Alexander,2.0,0.0,2
Patrick Joseph Toomey,John Cornyn,0.0,2.0,2
Patrick Joseph Toomey,Amy Klobuchar,0.0,2.0,2
Patrick Joseph Toomey,Jon Tester,0.0,2.0,2
Patrick Joseph Toomey,Robert P Jr Casey,2.0,0.0,2
Patrick Joseph Toomey,Sheldon II Whitehouse,2.0,0.0,2
Patrick Joseph Toomey,John A Barrasso,2.0,0.0,2
Patrick Joseph Toomey,James E Risch,2.0,0.0,2
Patrick Joseph Toomey,Jeanne Shaheen,0.0,2.0,2
Patrick Joseph Toomey,Jeffrey Alan Merkley,2.0,0.0,2
Patrick Joseph Toomey,Mark Robert Warner,0.0,2.0,2
Patrick Joseph Toomey,Michael F Bennet,0.0,2.0,2
Patrick Joseph Toomey,Joe Manchin III,0.0,2.0,2
Patrick Joseph Toomey,Christopher A Coons,0.0,2.0,2
Patrick Joseph Toomey,Richard Blumenthal,2.0,0.0,2
Patrick Joseph Toomey,Marco Rubio,2.0,0.0,2
Patrick Joseph Toomey,Rand Paul,0.0,2.0,2
Patrick Joseph Toomey,John Hoeven,2.0,0.0,2
Patrick Joseph Toomey,Mike Lee,2.0,0.0,2
Patrick Joseph Toomey,Ronald Harold Johnson,2.0,0.0,2
Patrick Joseph Toomey,Brian Schatz,0.0,2.0,2
Patrick Joseph Toomey,Angus Stanley Jr King,1.0,1.0,2
Patrick Joseph Toomey,Elizabeth Warren,0.0,2.0,2
Patrick Joseph Toomey,Debra S Fischer,2.0,0.0,2
Patrick Joseph Toomey,Rafael Edward Ted Cruz,0.0,2.0,2
Patrick Joseph Toomey,Timothy Michael Kaine,1.0,1.0,2
Patrick Joseph Toomey,Cory A Booker,2.0,0.0,2
Patrick Joseph Toomey,Dan Sullivan,0.0,2.0,2
Patrick Joseph Toomey,David Perdue,2.0,0.0,2
Patrick Joseph Toomey,Joni K Ernst,2.0,0.0,2
Patrick Joseph Toomey,Benjamin E Sasse,2.0,0.0,2
Patrick Joseph Toomey,Thom R Tillis,2.0,0.0,2
Patrick Joseph Toomey,Mike Rounds,2.0,0.0,2
Patrick Joseph Toomey,Catherine Cortez Masto,2.0,0.0,2
Patrick Joseph Toomey,Kamala D Harris,0.0,2.0,2
Patrick Joseph Toomey,John Neely Kennedy,2.0,0.0,2
Patrick Joseph Toomey,Doug Jones,0.0,2.0,2
Patrick Joseph Toomey,Tina Flint Smith,0.0,2.0,2
Patrick Joseph Toomey,Cindy Hyde Smith,2.0,0.0,2
Patrick Joseph Toomey,Mike Braun,2.0,0.0,2
Patrick Joseph Toomey,Joshua David Hawley,0.0,2.0,2
Patrick Joseph Toomey,Mitt Willard Romney,2.0,0.0,2
Patrick Joseph Toomey,Rick Scott,0.0,2.0,2
Patrick Joseph Toomey,Kelly Loeffler,2.0,0.0,2
Patrick Joseph Toomey,Mark Kelly,0.0,2.0,2
Patrick Joseph Toomey,Dianne Feinstein,2.0,0.0,2
Patrick Joseph Toomey,Patty Murray,0.0,2.0,2
Patrick Joseph Toomey,Susan M Collins,2.0,0.0,2
Patrick Joseph Toomey,Michael B Enzi,2.0,0.0,2
Patrick Joseph Toomey,Richard C Shelby,2.0,0.0,2
Tammy Baldwin,Maria Cantwell,0.0,2.0,2
Tammy Baldwin,Lisa Murkowski,2.0,0.0,2
Tammy Baldwin,Lamar Alexander,2.0,0.0,2
Tammy Baldwin,John Cornyn,0.0,2.0,2
Tammy Baldwin,Amy Klobuchar,1.0,1.0,2
Tammy Baldwin,Jon Tester,0.0,2.0,2
Tammy Baldwin,Robert P Jr Casey,0.0,2.0,2
Tammy Baldwin,Sheldon II Whitehouse,2.0,0.0,2
Tammy Baldwin,John A Barrasso,2.0,0.0,2
Tammy Baldwin,James E Risch,1.0,1.0,2
Tammy Baldwin,Jeanne Shaheen,2.0,0.0,2
Tammy Baldwin,Jeffrey Alan Merkley,0.0,2.0,2
Tammy Baldwin,Mark Robert Warner,0.0,2.0,2
Tammy Baldwin,Michael F Bennet,0.0,2.0,2
Tammy Baldwin,Joe Manchin III,0.0,2.0,2
Tammy Baldwin,Christopher A Coons,0.0,2.0,2
Tammy Baldwin,Richard Blumenthal,0.0,2.0,2
Tammy Baldwin,Marco Rubio,0.0,2.0,2
Tammy Baldwin,Rand Paul,0.0,2.0,2
Tammy Baldwin,John Hoeven,0.0,2.0,2
Tammy Baldwin,Mike Lee,0.0,2.0,2
Tammy Baldwin,Ronald Harold Johnson,2.0,0.0,2
Tammy Baldwin,Brian Schatz,0.0,2.0,2
Tammy Baldwin,Angus Stanley Jr King,2.0,0.0,2
Tammy Baldwin,Elizabeth Warren,2.0,0.0,2
Tammy Baldwin,Debra S Fischer,0.0,2.0,2
Tammy Baldwin,Rafael Edward Ted Cruz,0.0,2.0,2
Tammy Baldwin,Timothy Michael Kaine,0.0,2.0,2
Tammy Baldwin,Cory A Booker,1.0,1.0,2
Tammy Baldwin,Dan Sullivan,0.0,2.0,2
Tammy Baldwin,David Perdue,0.0,2.0,2
Tammy Baldwin,Joni K Ernst,0.0,2.0,2
Tammy Baldwin,Benjamin E Sasse,2.0,0.0,2
Tammy Baldwin,Thom R Tillis,0.0,2.0,2
Tammy Baldwin,Mike Rounds,0.0,2.0,2
Tammy Baldwin,Catherine Cortez Masto,2.0,0.0,2
Tammy Baldwin,Kamala D Harris,1.0,1.0,2
Tammy Baldwin,John Neely Kennedy,2.0,0.0,2
Tammy Baldwin,Doug Jones,0.0,2.0,2
Tammy Baldwin,Tina Flint Smith,0.0,2.0,2
Tammy Baldwin,Cindy Hyde Smith,2.0,0.0,2
Tammy Baldwin,Mike Braun,0.0,2.0,2
Tammy Baldwin,Joshua David Hawley,0.0,2.0,2
Tammy Baldwin,Mitt Willard Romney,0.0,2.0,2
Tammy Baldwin,Rick Scott,0.0,2.0,2
Tammy Baldwin,Kelly Loeffler,2.0,0.0,2
Tammy Baldwin,Mark Kelly,0.0,2.0,2
Tammy Baldwin,Dianne Feinstein,2.0,0.0,2
Tammy Baldwin,Patty Murray,0.0,2.0,2
Tammy Baldwin,Susan M Collins,0.0,2.0,2
Tammy Baldwin,Michael B Enzi,0.0,2.0,2
Tammy Baldwin,Richard C Shelby,0.0,2.0,2
Maria Cantwell,Lisa Murkowski,0.0,2.0,2
Maria Cantwell,Lamar Alexander,2.0,0.0,2
Maria Cantwell,John Cornyn,0.0,2.0,2
Maria Cantwell,Amy Klobuchar,0.0,2.0,2
Maria Cantwell,Jon Tester,1.0,1.0,2
Maria Cantwell,Robert P Jr Casey,2.0,0.0,2
Maria Cantwell,Sheldon II Whitehouse,2.0,0.0,2
Maria Cantwell,John A Barrasso,2.0,0.0,2
Maria Cantwell,James E Risch,0.0,2.0,2
Maria Cantwell,Jeanne Shaheen,1.0,1.0,2
Maria Cantwell,Jeffrey Alan Merkley,2.0,0.0,2
Maria Cantwell,Mark Robert Warner,0.0,2.0,2
Maria Cantwell,Michael F Bennet,0.0,2.0,2
Maria Cantwell,Joe Manchin III,2.0,0.0,2
Maria Cantwell,Christopher A Coons,1.0,1.0,2
Maria Cantwell,Richard Blumenthal,0.0,2.0,2
Maria Cantwell,Marco Rubio,0.0,2.0,2
Maria Cantwell,Rand Paul,0.0,2.0,2
Maria Cantwell,John Hoeven,0.0,2.0,2
Maria Cantwell,Mike Lee,0.0,2.0,2
Maria Cantwell,Ronald Harold Johnson,0.0,2.0,2
Maria Cantwell,Brian Schatz,0.0,2.0,2
Maria Cantwell,Angus Stanley Jr King,1.0,1.0,2
Maria Cantwell,Elizabeth Warren,2.0,0.0,2
Maria Cantwell,Debra S Fischer,2.0,0.0,2
Maria Cantwell,Rafael Edward Ted Cruz,0.0,2.0,2
Maria Cantwell,Timothy Michael Kaine,0.0,2.0,2
Maria Cantwell,Cory A Booker,1.0,1.0,2
Maria Cantwell,Dan Sullivan,0.0,2.0,2
Maria Cantwell,David Perdue,0.0,2.0,2
Maria Cantwell,Joni K Ernst,0.0,2.0,2
Maria Cantwell,Benjamin E Sasse,2.0,0.0,2
Maria Cantwell,Thom R Tillis,0.0,2.0,2
Maria Cantwell,Mike Rounds,0.0,2.0,2
Maria Cantwell,Catherine Cortez Masto,1.0,1.0,2
Maria Cantwell,Kamala D Harris,0.0,2.0,2
Maria Cantwell,John Neely Kennedy,2.0,0.0,2
Maria Cantwell,Doug Jones,0.0,2.0,2
Maria Cantwell,Tina Flint Smith,1.0,1.0,2
Maria Cantwell,Cindy Hyde Smith,0.0,2.0,2
Maria Cantwell,Mike Braun,0.0,2.0,2
Maria Cantwell,Joshua David Hawley,2.0,0.0,2
Maria Cantwell,Mitt Willard Romney,0.0,2.0,2
Maria Cantwell,Rick Scott,0.0,2.0,2
Maria Cantwell,Kelly Loeffler,1.0,1.0,2
Maria Cantwell,Mark Kelly,0.0,2.0,2
Maria Cantwell,Dianne Feinstein,2.0,0.0,2
Maria Cantwell,Patty Murray,0.0,2.0,2
Maria Cantwell,Susan M Collins,2.0,0.0,2
Maria Cantwell,Michael B Enzi,0.0,2.0,2
Maria Cantwell,Richard C Shelby,0.0,2.0,2
Lisa Murkowski,Lamar Alexander,0.0,2.0,2
Lisa Murkowski,John Cornyn,2.0,0.0,2
Lisa Murkowski,Amy Klobuchar,0.0,2.0,2
Lisa Murkowski,Jon Tester,0.0,2.0,2
Lisa Murkowski,Robert P Jr Casey,2.0,0.0,2
Lisa Murkowski,Sheldon II Whitehouse,2.0,0.0,2
Lisa Murkowski,John A Barrasso,0.0,2.0,2
Lisa Murkowski,James E Risch,0.0,2.0,2
Lisa Murkowski,Jeanne Shaheen,1.0,1.0,2
Lisa Murkowski,Jeffrey Alan Merkley,2.0,0.0,2
Lisa Murkowski,Mark Robert Warner,2.0,0.0,2
Lisa Murkowski,Michael F Bennet,2.0,0.0,2
Lisa Murkowski,Joe Manchin III,2.0,0.0,2
Lisa Murkowski,Christopher A Coons,2.0,0.0,2
Lisa Murkowski,Richard Blumenthal,2.0,0.0,2
Lisa Murkowski,Marco Rubio,2.0,0.0,2
Lisa Murkowski,Rand Paul,2.0,0.0,2
Lisa Murkowski,John Hoeven,1.0,1.0,2
Lisa Murkowski,Mike Lee,2.0,0.0,2
Lisa Murkowski,Ronald Harold Johnson,0.0,2.0,2
Lisa Murkowski,Brian Schatz,0.0,2.0,2
Lisa Murkowski,Angus Stanley Jr King,2.0,0.0,2
Lisa Murkowski,Elizabeth Warren,2.0,0.0,2
Lisa Murkowski,Debra S Fischer,0.0,2.0,2
Lisa Murkowski,Rafael Edward Ted Cruz,0.0,2.0,2
Lisa Murkowski,Timothy Michael Kaine,2.0,0.0,2
Lisa Murkowski,Cory A Booker,0.0,2.0,2
Lisa Murkowski,Dan Sullivan,2.0,0.0,2
Lisa Murkowski,David Perdue,2.0,0.0,2
Lisa Murkowski,Joni K Ernst,2.0,0.0,2
Lisa Murkowski,Benjamin E Sasse,0.0,2.0,2
Lisa Murkowski,Thom R Tillis,1.0,1.0,2
Lisa Murkowski,Mike Rounds,1.0,1.0,2
Lisa Murkowski,Catherine Cortez Masto,2.0,0.0,2
Lisa Murkowski,Kamala D Harris,0.0,2.0,2
Lisa Murkowski,John Neely Kennedy,1.0,1.0,2
Lisa Murkowski,Doug Jones,0.0,2.0,2
Lisa Murkowski,Tina Flint Smith,2.0,0.0,2
Lisa Murkowski,Cindy Hyde Smith,1.0,1.0,2
Lisa Murkowski,Mike Braun,0.0,2.0,2
Lisa Murkowski,Joshua David Hawley,0.0,2.0,2
Lisa Murkowski,Mitt Willard Romney,1.0,1.0,2
Lisa Murkowski,Rick Scott,1.0,1.0,2
Lisa Murkowski,Kelly Loeffler,1.0,1.0,2
Lisa Murkowski,Mark Kelly,0.0,2.0,2
Lisa Murkowski,Dianne Feinstein,2.0,0.0,2
Lisa Murkowski,Patty Murray,0.0,2.0,2
Lisa Murkowski,Susan M Collins,1.0,1.0,2
Lisa Murkowski,Michael B Enzi,1.0,1.0,2
Lisa Murkowski,Richard C Shelby,0.0,2.0,2
Lamar Alexander,John Cornyn,0.0,2.0,2
Lamar Alexander,Amy Klobuchar,0.0,2.0,2
Lamar Alexander,Jon Tester,0.0,2.0,2
Lamar Alexander,Robert P Jr Casey,2.0,0.0,2
Lamar Alexander,Sheldon II Whitehouse,2.0,0.0,2
Lamar Alexander,John A Barrasso,0.0,2.0,2
Lamar Alexander,James E Risch,2.0,0.0,2
Lamar Alexander,Jeanne Shaheen,0.0,2.0,2
Lamar Alexander,Jeffrey Alan Merkley,2.0,0.0,2
Lamar Alexander,Mark Robert Warner,2.0,0.0,2
Lamar Alexander,Michael F Bennet,2.0,0.0,2
Lamar Alexander,Joe Manchin III,2.0,0.0,2
Lamar Alexander,Christopher A Coons,2.0,0.0,2
Lamar Alexander,Richard Blumenthal,2.0,0.0,2
Lamar Alexander,Marco Rubio,2.0,0.0,2
Lamar Alexander,Rand Paul,2.0,0.0,2
Lamar Alexander,John Hoeven,2.0,0.0,2
Lamar Alexander,Mike Lee,2.0,0.0,2
Lamar Alexander,Ronald Harold Johnson,0.0,2.0,2
Lamar Alexander,Brian Schatz,0.0,2.0,2
Lamar Alexander,Angus Stanley Jr King,2.0,0.0,2
Lamar Alexander,Elizabeth Warren,2.0,0.0,2
Lamar Alexander,Debra S Fischer,1.0,1.0,2
Lamar Alexander,Rafael Edward Ted Cruz,0.0,2.0,2
Lamar Alexander,Timothy Michael Kaine,2.0,0.0,2
Lamar Alexander,Cory A Booker,2.0,0.0,2
Lamar Alexander,Dan Sullivan,2.0,0.0,2
Lamar Alexander,David Perdue,0.0,2.0,2
Lamar Alexander,Joni K Ernst,2.0,0.0,2
Lamar Alexander,Benjamin E Sasse,0.0,2.0,2
Lamar Alexander,Thom R Tillis,2.0,0.0,2
Lamar Alexander,Mike Rounds,1.0,1.0,2
Lamar Alexander,Catherine Cortez Masto,2.0,0.0,2
Lamar Alexander,Kamala D Harris,1.0,1.0,2
Lamar Alexander,John Neely Kennedy,2.0,0.0,2
Lamar Alexander,Doug Jones,0.0,2.0,2
Lamar Alexander,Tina Flint Smith,2.0,0.0,2
Lamar Alexander,Cindy Hyde Smith,2.0,0.0,2
Lamar Alexander,Mike Braun,2.0,0.0,2
Lamar Alexander,Joshua David Hawley,0.0,2.0,2
Lamar Alexander,Mitt Willard Romney,2.0,0.0,2
Lamar Alexander,Rick Scott,2.0,0.0,2
Lamar Alexander,Kelly Loeffler,2.0,0.0,2
Lamar Alexander,Mark Kelly,2.0,0.0,2
Lamar Alexander,Dianne Feinstein,2.0,0.0,2
Lamar Alexander,Patty Murray,0.0,2.0,2
Lamar Alexander,Susan M Collins,2.0,0.0,2
Lamar Alexander,Michael B Enzi,0.0,2.0,2
Lamar Alexander,Richard C Shelby,0.0,2.0,2
John Cornyn,Amy Klobuchar,2.0,0.0,2
John Cornyn,Jon Tester,0.0,2.0,2
John Cornyn,Robert P Jr Casey,2.0,0.0,2
John Cornyn,Sheldon II Whitehouse,2.0,0.0,2
John Cornyn,John A Barrasso,0.0,2.0,2
John Cornyn,James E Risch,0.0,2.0,2
John Cornyn,Jeanne Shaheen,2.0,0.0,2
John Cornyn,Jeffrey Alan Merkley,2.0,0.0,2
John Cornyn,Mark Robert Warner,2.0,0.0,2
John Cornyn,Michael F Bennet,2.0,0.0,2
John Cornyn,Joe Manchin III,2.0,0.0,2
John Cornyn,Christopher A Coons,2.0,0.0,2
John Cornyn,Richard Blumenthal,2.0,0.0,2
John Cornyn,Marco Rubio,2.0,0.0,2
John Cornyn,Rand Paul,0.0,2.0,2
John Cornyn,John Hoeven,1.0,1.0,2
John Cornyn,Mike Lee,2.0,0.0,2
John Cornyn,Ronald Harold Johnson,0.0,2.0,2
John Cornyn,Brian Schatz,2.0,0.0,2
John Cornyn,Angus Stanley Jr King,2.0,0.0,2
John Cornyn,Elizabeth Warren,2.0,0.0,2
John Cornyn,Debra S Fischer,2.0,0.0,2
John Cornyn,Rafael Edward Ted Cruz,0.0,2.0,2
John Cornyn,Timothy Michael Kaine,2.0,0.0,2
John Cornyn,Cory A Booker,2.0,0.0,2
John Cornyn,Dan Sullivan,0.0,2.0,2
John Cornyn,David Perdue,0.0,2.0,2
John Cornyn,Joni K Ernst,2.0,0.0,2
John Cornyn,Benjamin E Sasse,0.0,2.0,2
John Cornyn,Thom R Tillis,2.0,0.0,2
John Cornyn,Mike Rounds,1.0,1.0,2
John Cornyn,Catherine Cortez Masto,2.0,0.0,2
John Cornyn,Kamala D Harris,2.0,0.0,2
John Cornyn,John Neely Kennedy,0.0,2.0,2
John Cornyn,Doug Jones,0.0,2.0,2
John Cornyn,Tina Flint Smith,2.0,0.0,2
John Cornyn,Cindy Hyde Smith,2.0,0.0,2
John Cornyn,Mike Braun,2.0,0.0,2
John Cornyn,Joshua David Hawley,0.0,2.0,2
John Cornyn,Mitt Willard Romney,2.0,0.0,2
John Cornyn,Rick Scott,2.0,0.0,2
John Cornyn,Kelly Loeffler,2.0,0.0,2
John Cornyn,Mark Kelly,0.0,2.0,2
John Cornyn,Dianne Feinstein,2.0,0.0,2
John Cornyn,Patty Murray,2.0,0.0,2
John Cornyn,Susan M Collins,0.0,2.0,2
John Cornyn,Michael B Enzi,0.0,2.0,2
John Cornyn,Richard C Shelby,2.0,0.0,2
Amy Klobuchar,Jon Tester,1.0,1.0,2
Amy Klobuchar,Robert P Jr Casey,0.0,2.0,2
Amy Klobuchar,Sheldon II Whitehouse,1.0,1.0,2
Amy Klobuchar,John A Barrasso,2.0,0.0,2
Amy Klobuchar,James E Risch,1.0,1.0,2
Amy Klobuchar,Jeanne Shaheen,2.0,0.0,2
Amy Klobuchar,Jeffrey Alan Merkley,2.0,0.0,2
Amy Klobuchar,Mark Robert Warner,1.0,1.0,2
Amy Klobuchar,Michael F Bennet,2.0,0.0,2
Amy Klobuchar,Joe Manchin III,2.0,0.0,2
Amy Klobuchar,Christopher A Coons,0.0,2.0,2
Amy Klobuchar,Richard Blumenthal,2.0,0.0,2
Amy Klobuchar,Marco Rubio,0.0,2.0,2
Amy Klobuchar,Rand Paul,0.0,2.0,2
Amy Klobuchar,John Hoeven,0.0,2.0,2
Amy Klobuchar,Mike Lee,0.0,2.0,2
Amy Klobuchar,Ronald Harold Johnson,2.0,0.0,2
Amy Klobuchar,Brian Schatz,0.0,2.0,2
Amy Klobuchar,Angus Stanley Jr King,2.0,0.0,2
Amy Klobuchar,Elizabeth Warren,2.0,0.0,2
Amy Klobuchar,Debra S Fischer,2.0,0.0,2
Amy Klobuchar,Rafael Edward Ted Cruz,2.0,0.0,2
Amy Klobuchar,Timothy Michael Kaine,0.0,2.0,2
Amy Klobuchar,Cory A Booker,2.0,0.0,2
Amy Klobuchar,Dan Sullivan,0.0,2.0,2
Amy Klobuchar,David Perdue,0.0,2.0,2
Amy Klobuchar,Joni K Ernst,0.0,2.0,2
Amy Klobuchar,Benjamin E Sasse,2.0,0.0,2
Amy Klobuchar,Thom R Tillis,0.0,2.0,2
Amy Klobuchar,Mike Rounds,0.0,2.0,2
Amy Klobuchar,Catherine Cortez Masto,1.0,1.0,2
Amy Klobuchar,Kamala D Harris,1.0,1.0,2
Amy Klobuchar,John Neely Kennedy,0.0,2.0,2
Amy Klobuchar,Doug Jones,0.0,2.0,2
Amy Klobuchar,Tina Flint Smith,2.0,0.0,2
Amy Klobuchar,Cindy Hyde Smith,2.0,0.0,2
Amy Klobuchar,Mike Braun,0.0,2.0,2
Amy Klobuchar,Joshua David Hawley,2.0,0.0,2
Amy Klobuchar,Mitt Willard Romney,0.0,2.0,2
Amy Klobuchar,Rick Scott,0.0,2.0,2
Amy Klobuchar,Kelly Loeffler,0.0,2.0,2
Amy Klobuchar,Mark Kelly,1.0,1.0,2
Amy Klobuchar,Dianne Feinstein,2.0,0.0,2
Amy Klobuchar,Patty Murray,0.0,2.0,2
Amy Klobuchar,Susan M Collins,2.0,0.0,2
Amy Klobuchar,Michael B Enzi,2.0,0.0,2
Amy Klobuchar,Richard C Shelby,2.0,0.0,2
Jon Tester,Robert P Jr Casey,0.0,2.0,2
Jon Tester,Sheldon II Whitehouse,2.0,0.0,2
Jon Tester,John A Barrasso,0.0,2.0,2
Jon Tester,James E Risch,0.0,2.0,2
Jon Tester,Jeanne Shaheen,0.0,2.0,2
Jon Tester,Jeffrey Alan Merkley,2.0,0.0,2
Jon Tester,Mark Robert Warner,0.0,2.0,2
Jon Tester,Michael F Bennet,2.0,0.0,2
Jon Tester,Joe Manchin III,0.0,2.0,2
Jon Tester,Christopher A Coons,2.0,0.0,2
Jon Tester,Richard Blumenthal,0.0,2.0,2
Jon Tester,Marco Rubio,2.0,0.0,2
Jon Tester,Rand Paul,0.0,2.0,2
Jon Tester,John Hoeven,0.0,2.0,2
Jon Tester,Mike Lee,0.0,2.0,2
Jon Tester,Ronald Harold Johnson,0.0,2.0,2
Jon Tester,Brian Schatz,2.0,0.0,2
Jon Tester,Angus Stanley Jr King,0.0,2.0,2
Jon Tester,Elizabeth Warren,2.0,0.0,2
Jon Tester,Debra S Fischer,2.0,0.0,2
Jon Tester,Rafael Edward Ted Cruz,2.0,0.0,2
Jon Tester,Timothy Michael Kaine,0.0,2.0,2
Jon Tester,Cory A Booker,2.0,0.0,2
Jon Tester,Dan Sullivan,0.0,2.0,2
Jon Tester,David Perdue,0.0,2.0,2
Jon Tester,Joni K Ernst,0.0,2.0,2
Jon Tester,Benjamin E Sasse,2.0,0.0,2
Jon Tester,Thom R Tillis,0.0,2.0,2
Jon Tester,Mike Rounds,2.0,0.0,2
Jon Tester,Catherine Cortez Masto,1.0,1.0,2
Jon Tester,Kamala D Harris,2.0,0.0,2
Jon Tester,John Neely Kennedy,0.0,2.0,2
Jon Tester,Doug Jones,1.0,1.0,2
Jon Tester,Tina Flint Smith,2.0,0.0,2
Jon Tester,Cindy Hyde Smith,2.0,0.0,2
Jon Tester,Mike Braun,0.0,2.0,2
Jon Tester,Joshua David Hawley,2.0,0.0,2
Jon Tester,Mitt Willard Romney,2.0,0.0,2
Jon Tester,Rick Scott,1.0,1.0,2
Jon Tester,Kelly Loeffler,0.0,2.0,2
Jon Tester,Mark Kelly,1.0,1.0,2
Jon Tester,Dianne Feinstein,2.0,0.0,2
Jon Tester,Patty Murray,2.0,0.0,2
Jon Tester,Susan M Collins,2.0,0.0,2
Jon Tester,Michael B Enzi,0.0,2.0,2
Jon Tester,Richard C Shelby,2.0,0.0,2
Robert P Jr Casey,Sheldon II Whitehouse,2.0,0.0,2
Robert P Jr Casey,John A Barrasso,0.0,2.0,2
Robert P Jr Casey,James E Risch,0.0,2.0,2
Robert P Jr Casey,Jeanne Shaheen,0.0,2.0,2
Robert P Jr Casey,Jeffrey Alan Merkley,2.0,0.0,2
Robert P Jr Casey,Mark Robert Warner,1.0,1.0,2
Robert P Jr Casey,Michael F Bennet,1.0,1.0,2
Robert P Jr Casey,Joe Manchin III,2.0,0.0,2
Robert P Jr Casey,Christopher A Coons,0.0,2.0,2
Robert P Jr Casey,Richard Blumenthal,0.0,2.0,2
Robert P Jr Casey,Marco Rubio,2.0,0.0,2
Robert P Jr Casey,Rand Paul,2.0,0.0,2
Robert P Jr Casey,John Hoeven,0.0,2.0,2
Robert P Jr Casey,Mike Lee,2.0,0.0,2
Robert P Jr Casey,Ronald Harold Johnson,2.0,0.0,2
Robert P Jr Casey,Brian Schatz,0.0,2.0,2
Robert P Jr Casey,Angus Stanley Jr King,1.0,1.0,2
Robert P Jr Casey,Elizabeth Warren,2.0,0.0,2
Robert P Jr Casey,Debra S Fischer,0.0,2.0,2
Robert P Jr Casey,Rafael Edward Ted Cruz,2.0,0.0,2
Robert P Jr Casey,Timothy Michael Kaine,0.0,2.0,2
Robert P Jr Casey,Cory A Booker,2.0,0.0,2
Robert P Jr Casey,Dan Sullivan,0.0,2.0,2
Robert P Jr Casey,David Perdue,0.0,2.0,2
Robert P Jr Casey,Joni K Ernst,0.0,2.0,2
Robert P Jr Casey,Benjamin E Sasse,0.0,2.0,2
Robert P Jr Casey,Thom R Tillis,0.0,2.0,2
Robert P Jr Casey,Mike Rounds,0.0,2.0,2
Robert P Jr Casey,Catherine Cortez Masto,1.0,1.0,2
Robert P Jr Casey,Kamala D Harris,0.0,2.0,2
Robert P Jr Casey,John Neely Kennedy,2.0,0.0,2
Robert P Jr Casey,Doug Jones,0.0,2.0,2
Robert P Jr Casey,Tina Flint Smith,1.0,1.0,2
Robert P Jr Casey,Cindy Hyde Smith,0.0,2.0,2
Robert P Jr Casey,Mike Braun,0.0,2.0,2
Robert P Jr Casey,Joshua David Hawley,0.0,2.0,2
Robert P Jr Casey,Mitt Willard Romney,0.0,2.0,2
Robert P Jr Casey,Rick Scott,0.0,2.0,2
Robert P Jr Casey,Kelly Loeffler,0.0,2.0,2
Robert P Jr Casey,Mark Kelly,1.0,1.0,2
Robert P Jr Casey,Dianne Feinstein,1.0,1.0,2
Robert P Jr Casey,Patty Murray,0.0,2.0,2
Robert P Jr Casey,Susan M Collins,0.0,2.0,2
Robert P Jr Casey,Michael B Enzi,0.0,2.0,2
Robert P Jr Casey,Richard C Shelby,0.0,2.0,2
Sheldon II Whitehouse,John A Barrasso,0.0,2.0,2
Sheldon II Whitehouse,James E Risch,0.0,2.0,2
Sheldon II Whitehouse,Jeanne Shaheen,0.0,2.0,2
Sheldon II Whitehouse,Jeffrey Alan Merkley,2.0,0.0,2
Sheldon II Whitehouse,Mark Robert Warner,1.0,1.0,2
Sheldon II Whitehouse,Michael F Bennet,0.0,2.0,2
Sheldon II Whitehouse,Joe Manchin III,0.0,2.0,2
Sheldon II Whitehouse,Christopher A Coons,0.0,2.0,2
Sheldon II Whitehouse,Richard Blumenthal,0.0,2.0,2
Sheldon II Whitehouse,Marco Rubio,0.0,2.0,2
Sheldon II Whitehouse,Rand Paul,0.0,2.0,2
Sheldon II Whitehouse,John Hoeven,0.0,2.0,2
Sheldon II Whitehouse,Mike Lee,0.0,2.0,2
Sheldon II Whitehouse,Ronald Harold Johnson,1.0,1.0,2
Sheldon II Whitehouse,Brian Schatz,0.0,2.0,2
Sheldon II Whitehouse,Angus Stanley Jr King,0.0,2.0,2
Sheldon II Whitehouse,Elizabeth Warren,2.0,0.0,2
Sheldon II Whitehouse,Debra S Fischer,0.0,2.0,2
Sheldon II Whitehouse,Rafael Edward Ted Cruz,0.0,2.0,2
Sheldon II Whitehouse,Timothy Michael Kaine,1.0,1.0,2
Sheldon II Whitehouse,Cory A Booker,2.0,0.0,2
Sheldon II Whitehouse,Dan Sullivan,0.0,2.0,2
Sheldon II Whitehouse,David Perdue,0.0,2.0,2
Sheldon II Whitehouse,Joni K Ernst,0.0,2.0,2
Sheldon II Whitehouse,Benjamin E Sasse,0.0,2.0,2
Sheldon II Whitehouse,Thom R Tillis,0.0,2.0,2
Sheldon II Whitehouse,Mike Rounds,0.0,2.0,2
Sheldon II Whitehouse,Catherine Cortez Masto,1.0,1.0,2
Sheldon II Whitehouse,Kamala D Harris,0.0,2.0,2
Sheldon II Whitehouse,John Neely Kennedy,0.0,2.0,2
Sheldon II Whitehouse,Doug Jones,0.0,2.0,2
Sheldon II Whitehouse,Tina Flint Smith,0.0,2.0,2
Sheldon II Whitehouse,Cindy Hyde Smith,0.0,2.0,2
Sheldon II Whitehouse,Mike Braun,0.0,2.0,2
Sheldon II Whitehouse,Joshua David Hawley,0.0,2.0,2
Sheldon II Whitehouse,Mitt Willard Romney,0.0,2.0,2
Sheldon II Whitehouse,Rick Scott,0.0,2.0,2
Sheldon II Whitehouse,Kelly Loeffler,0.0,2.0,2
Sheldon II Whitehouse,Mark Kelly,0.0,2.0,2
Sheldon II Whitehouse,Dianne Feinstein,0.0,2.0,2
Sheldon II Whitehouse,Patty Murray,0.0,2.0,2
Sheldon II Whitehouse,Susan M Collins,0.0,2.0,2
Sheldon II Whitehouse,Michael B Enzi,0.0,2.0,2
Sheldon II Whitehouse,Richard C Shelby,0.0,2.0,2
John A Barrasso,James E Risch,2.0,0.0,2
John A Barrasso,Jeanne Shaheen,0.0,2.0,2
John A Barrasso,Jeffrey Alan Merkley,2.0,0.0,2
John A Barrasso,Mark Robert Warner,0.0,2.0,2
John A Barrasso,Michael F Bennet,2.0,0.0,2
John A Barrasso,Joe Manchin III,1.0,1.0,2
John A Barrasso,Christopher A Coons,2.0,0.0,2
John A Barrasso,Richard Blumenthal,2.0,0.0,2
John A Barrasso,Marco Rubio,2.0,0.0,2
John A Barrasso,Rand Paul,2.0,0.0,2
John A Barrasso,John Hoeven,2.0,0.0,2
John A Barrasso,Mike Lee,2.0,0.0,2
John A Barrasso,Ronald Harold Johnson,2.0,0.0,2
John A Barrasso,Brian Schatz,0.0,2.0,2
John A Barrasso,Angus Stanley Jr King,2.0,0.0,2
John A Barrasso,Elizabeth Warren,2.0,0.0,2
John A Barrasso,Debra S Fischer,2.0,0.0,2
John A Barrasso,Rafael Edward Ted Cruz,0.0,2.0,2
John A Barrasso,Timothy Michael Kaine,2.0,0.0,2
John A Barrasso,Cory A Booker,0.0,2.0,2
John A Barrasso,Dan Sullivan,2.0,0.0,2
John A Barrasso,David Perdue,2.0,0.0,2
John A Barrasso,Joni K Ernst,2.0,0.0,2
John A Barrasso,Benjamin E Sasse,2.0,0.0,2
John A Barrasso,Thom R Tillis,2.0,0.0,2
John A Barrasso,Mike Rounds,2.0,0.0,2
John A Barrasso,Catherine Cortez Masto,2.0,0.0,2
John A Barrasso,Kamala D Harris,1.0,1.0,2
John A Barrasso,John Neely Kennedy,1.0,1.0,2
John A Barrasso,Doug Jones,0.0,2.0,2
John A Barrasso,Tina Flint Smith,2.0,0.0,2
John A Barrasso,Cindy Hyde Smith,2.0,0.0,2
John A Barrasso,Mike Braun,2.0,0.0,2
John A Barrasso,Joshua David Hawley,2.0,0.0,2
John A Barrasso,Mitt Willard Romney,2.0,0.0,2
John A Barrasso,Rick Scott,2.0,0.0,2
John A Barrasso,Kelly Loeffler,2.0,0.0,2
John A Barrasso,Mark Kelly,0.0,2.0,2
John A Barrasso,Dianne Feinstein,2.0,0.0,2
John A Barrasso,Patty Murray,0.0,2.0,2
John A Barrasso,Susan M Collins,2.0,0.0,2
John A Barrasso,Michael B Enzi,2.0,0.0,2
John A Barrasso,Richard C Shelby,2.0,0.0,2
James E Risch,Jeanne Shaheen,2.0,0.0,2
James E Risch,Jeffrey Alan Merkley,2.0,0.0,2
James E Risch,Mark Robert Warner,2.0,0.0,2
James E Risch,Michael F Bennet,2.0,0.0,2
James E Risch,Joe Manchin III,2.0,0.0,2
James E Risch,Christopher A Coons,2.0,0.0,2
James E Risch,Richard Blumenthal,2.0,0.0,2
James E Risch,Marco Rubio,2.0,0.0,2
James E Risch,Rand Paul,2.0,0.0,2
James E Risch,John Hoeven,2.0,0.0,2
James E Risch,Mike Lee,2.0,0.0,2
James E Risch,Ronald Harold Johnson,2.0,0.0,2
James E Risch,Brian Schatz,2.0,0.0,2
James E Risch,Angus Stanley Jr King,2.0,0.0,2
James E Risch,Elizabeth Warren,2.0,0.0,2
James E Risch,Debra S Fischer,2.0,0.0,2
James E Risch,Rafael Edward Ted Cruz,0.0,2.0,2
James E Risch,Timothy Michael Kaine,2.0,0.0,2
James E Risch,Cory A Booker,1.0,1.0,2
James E Risch,Dan Sullivan,2.0,0.0,2
James E Risch,David Perdue,2.0,0.0,2
James E Risch,Joni K Ernst,2.0,0.0,2
James E Risch,Benjamin E Sasse,1.0,1.0,2
James E Risch,Thom R Tillis,2.0,0.0,2
James E Risch,Mike Rounds,2.0,0.0,2
James E Risch,Catherine Cortez Masto,2.0,0.0,2
James E Risch,Kamala D Harris,2.0,0.0,2
James E Risch,John Neely Kennedy,2.0,0.0,2
James E Risch,Doug Jones,0.0,2.0,2
James E Risch,Tina Flint Smith,2.0,0.0,2
James E Risch,Cindy Hyde Smith,0.0,2.0,2
James E Risch,Mike Braun,2.0,0.0,2
James E Risch,Joshua David Hawley,2.0,0.0,2
James E Risch,Mitt Willard Romney,2.0,0.0,2
James E Risch,Rick Scott,2.0,0.0,2
James E Risch,Kelly Loeffler,2.0,0.0,2
James E Risch,Mark Kelly,0.0,2.0,2
James E Risch,Dianne Feinstein,2.0,0.0,2
James E Risch,Patty Murray,0.0,2.0,2
James E Risch,Susan M Collins,2.0,0.0,2
James E Risch,Michael B Enzi,0.0,2.0,2
James E Risch,Richard C Shelby,2.0,0.0,2
Jeanne Shaheen,Jeffrey Alan Merkley,2.0,0.0,2
Jeanne Shaheen,Mark Robert Warner,2.0,0.0,2
Jeanne Shaheen,Michael F Bennet,0.0,2.0,2
Jeanne Shaheen,Joe Manchin III,2.0,0.0,2
Jeanne Shaheen,Christopher A Coons,1.0,1.0,2
Jeanne Shaheen,Richard Blumenthal,2.0,0.0,2
Jeanne Shaheen,Marco Rubio,0.0,2.0,2
Jeanne Shaheen,Rand Paul,2.0,0.0,2
Jeanne Shaheen,John Hoeven,0.0,2.0,2
Jeanne Shaheen,Mike Lee,0.0,2.0,2
Jeanne Shaheen,Ronald Harold Johnson,0.0,2.0,2
Jeanne Shaheen,Brian Schatz,0.0,2.0,2
Jeanne Shaheen,Angus Stanley Jr King,2.0,0.0,2
Jeanne Shaheen,Elizabeth Warren,2.0,0.0,2
Jeanne Shaheen,Debra S Fischer,2.0,0.0,2
Jeanne Shaheen,Rafael Edward Ted Cruz,2.0,0.0,2
Jeanne Shaheen,Timothy Michael Kaine,2.0,0.0,2
Jeanne Shaheen,Cory A Booker,2.0,0.0,2
Jeanne Shaheen,Dan Sullivan,0.0,2.0,2
Jeanne Shaheen,David Perdue,0.0,2.0,2
Jeanne Shaheen,Joni K Ernst,0.0,2.0,2
Jeanne Shaheen,Benjamin E Sasse,1.0,1.0,2
Jeanne Shaheen,Thom R Tillis,0.0,2.0,2
Jeanne Shaheen,Mike Rounds,0.0,2.0,2
Jeanne Shaheen,Catherine Cortez Masto,1.0,1.0,2
Jeanne Shaheen,Kamala D Harris,0.0,2.0,2
Jeanne Shaheen,John Neely Kennedy,2.0,0.0,2
Jeanne Shaheen,Doug Jones,0.0,2.0,2
Jeanne Shaheen,Tina Flint Smith,2.0,0.0,2
Jeanne Shaheen,Cindy Hyde Smith,0.0,2.0,2
Jeanne Shaheen,Mike Braun,0.0,2.0,2
Jeanne Shaheen,Joshua David Hawley,0.0,2.0,2
Jeanne Shaheen,Mitt Willard Romney,0.0,2.0,2
Jeanne Shaheen,Rick Scott,0.0,2.0,2
Jeanne Shaheen,Kelly Loeffler,0.0,2.0,2
Jeanne Shaheen,Mark Kelly,0.0,2.0,2
Jeanne Shaheen,Dianne Feinstein,1.0,1.0,2
Jeanne Shaheen,Patty Murray,0.0,2.0,2
Jeanne Shaheen,Susan M Collins,2.0,0.0,2
Jeanne Shaheen,Michael B Enzi,1.0,1.0,2
Jeanne Shaheen,Richard C Shelby,1.0,1.0,2
Jeffrey Alan Merkley,Mark Robert Warner,0.0,2.0,2
Jeffrey Alan Merkley,Michael F Bennet,0.0,2.0,2
Jeffrey Alan Merkley,Joe Manchin III,0.0,2.0,2
Jeffrey Alan Merkley,Christopher A Coons,0.0,2.0,2
Jeffrey Alan Merkley,Richard Blumenthal,0.0,2.0,2
Jeffrey Alan Merkley,Marco Rubio,0.0,2.0,2
Jeffrey Alan Merkley,Rand Paul,0.0,2.0,2
Jeffrey Alan Merkley,John Hoeven,0.0,2.0,2
Jeffrey Alan Merkley,Mike Lee,0.0,2.0,2
Jeffrey Alan Merkley,Ronald Harold Johnson,0.0,2.0,2
Jeffrey Alan Merkley,Brian Schatz,0.0,2.0,2
Jeffrey Alan Merkley,Angus Stanley Jr King,0.0,2.0,2
Jeffrey Alan Merkley,Elizabeth Warren,2.0,0.0,2
Jeffrey Alan Merkley,Debra S Fischer,0.0,2.0,2
Jeffrey Alan Merkley,Rafael Edward Ted Cruz,2.0,0.0,2
Jeffrey Alan Merkley,Timothy Michael Kaine,0.0,2.0,2
Jeffrey Alan Merkley,Cory A Booker,1.0,1.0,2
Jeffrey Alan Merkley,Dan Sullivan,0.0,2.0,2
Jeffrey Alan Merkley,David Perdue,0.0,2.0,2
Jeffrey Alan Merkley,Joni K Ernst,0.0,2.0,2
Jeffrey Alan Merkley,Benjamin E Sasse,0.0,2.0,2
Jeffrey Alan Merkley,Thom R Tillis,0.0,2.0,2
Jeffrey Alan Merkley,Mike Rounds,0.0,2.0,2
Jeffrey Alan Merkley,Catherine Cortez Masto,0.0,2.0,2
Jeffrey Alan Merkley,Kamala D Harris,2.0,0.0,2
Jeffrey Alan Merkley,John Neely Kennedy,0.0,2.0,2
Jeffrey Alan Merkley,Doug Jones,0.0,2.0,2
Jeffrey Alan Merkley,Tina Flint Smith,0.0,2.0,2
Jeffrey Alan Merkley,Cindy Hyde Smith,0.0,2.0,2
Jeffrey Alan Merkley,Mike Braun,0.0,2.0,2
Jeffrey Alan Merkley,Joshua David Hawley,0.0,2.0,2
Jeffrey Alan Merkley,Mitt Willard Romney,0.0,2.0,2
Jeffrey Alan Merkley,Rick Scott,0.0,2.0,2
Jeffrey Alan Merkley,Kelly Loeffler,0.0,2.0,2
Jeffrey Alan Merkley,Mark Kelly,0.0,2.0,2
Jeffrey Alan Merkley,Dianne Feinstein,0.0,2.0,2
Jeffrey Alan Merkley,Patty Murray,0.0,2.0,2
Jeffrey Alan Merkley,Susan M Collins,0.0,2.0,2
Jeffrey Alan Merkley,Michael B Enzi,0.0,2.0,2
Jeffrey Alan Merkley,Richard C Shelby,0.0,2.0,2
Mark Robert Warner,Michael F Bennet,0.0,2.0,2
Mark Robert Warner,Joe Manchin III,0.0,2.0,2
Mark Robert Warner,Christopher A Coons,0.0,2.0,2
Mark Robert Warner,Richard Blumenthal,1.0,1.0,2
Mark Robert Warner,Marco Rubio,0.0,2.0,2
Mark Robert Warner,Rand Paul,0.0,2.0,2
Mark Robert Warner,John Hoeven,0.0,2.0,2
Mark Robert Warner,Mike Lee,0.0,2.0,2
Mark Robert Warner,Ronald Harold Johnson,2.0,0.0,2
Mark Robert Warner,Brian Schatz,0.0,2.0,2
Mark Robert Warner,Angus Stanley Jr King,0.0,2.0,2
Mark Robert Warner,Elizabeth Warren,2.0,0.0,2
Mark Robert Warner,Debra S Fischer,0.0,2.0,2
Mark Robert Warner,Rafael Edward Ted Cruz,2.0,0.0,2
Mark Robert Warner,Timothy Michael Kaine,2.0,0.0,2
Mark Robert Warner,Cory A Booker,2.0,0.0,2
Mark Robert Warner,Dan Sullivan,0.0,2.0,2
Mark Robert Warner,David Perdue,0.0,2.0,2
Mark Robert Warner,Joni K Ernst,0.0,2.0,2
Mark Robert Warner,Benjamin E Sasse,0.0,2.0,2
Mark Robert Warner,Thom R Tillis,0.0,2.0,2
Mark Robert Warner,Mike Rounds,0.0,2.0,2
Mark Robert Warner,Catherine Cortez Masto,1.0,1.0,2
Mark Robert Warner,Kamala D Harris,2.0,0.0,2
Mark Robert Warner,John Neely Kennedy,1.0,1.0,2
Mark Robert Warner,Doug Jones,0.0,2.0,2
Mark Robert Warner,Tina Flint Smith,0.0,2.0,2
Mark Robert Warner,Cindy Hyde Smith,0.0,2.0,2
Mark Robert Warner,Mike Braun,0.0,2.0,2
Mark Robert Warner,Joshua David Hawley,2.0,0.0,2
Mark Robert Warner,Mitt Willard Romney,0.0,2.0,2
Mark Robert Warner,Rick Scott,0.0,2.0,2
Mark Robert Warner,Kelly Loeffler,0.0,2.0,2
Mark Robert Warner,Mark Kelly,1.0,1.0,2
Mark Robert Warner,Dianne Feinstein,0.0,2.0,2
Mark Robert Warner,Patty Murray,0.0,2.0,2
Mark Robert Warner,Susan M Collins,0.0,2.0,2
Mark Robert Warner,Michael B Enzi,0.0,2.0,2
Mark Robert Warner,Richard C Shelby,0.0,2.0,2
Michael F Bennet,Joe Manchin III,0.0,2.0,2
Michael F Bennet,Christopher A Coons,0.0,2.0,2
Michael F Bennet,Richard Blumenthal,0.0,2.0,2
Michael F Bennet,Marco Rubio,0.0,2.0,2
Michael F Bennet,Rand Paul,0.0,2.0,2
Michael F Bennet,John Hoeven,0.0,2.0,2
Michael F Bennet,Mike Lee,0.0,2.0,2
Michael F Bennet,Ronald Harold Johnson,2.0,0.0,2
Michael F Bennet,Brian Schatz,0.0,2.0,2
Michael F Bennet,Angus Stanley Jr King,2.0,0.0,2
Michael F Bennet,Elizabeth Warren,2.0,0.0,2
Michael F Bennet,Debra S Fischer,0.0,2.0,2
Michael F Bennet,Rafael Edward Ted Cruz,2.0,0.0,2
Michael F Bennet,Timothy Michael Kaine,2.0,0.0,2
Michael F Bennet,Cory A Booker,0.0,2.0,2
Michael F Bennet,Dan Sullivan,0.0,2.0,2
Michael F Bennet,David Perdue,0.0,2.0,2
Michael F Bennet,Joni K Ernst,0.0,2.0,2
Michael F Bennet,Benjamin E Sasse,1.0,1.0,2
Michael F Bennet,Thom R Tillis,0.0,2.0,2
Michael F Bennet,Mike Rounds,0.0,2.0,2
Michael F Bennet,Catherine Cortez Masto,1.0,1.0,2
Michael F Bennet,Kamala D Harris,0.0,2.0,2
Michael F Bennet,John Neely Kennedy,2.0,0.0,2
Michael F Bennet,Doug Jones,0.0,2.0,2
Michael F Bennet,Tina Flint Smith,1.0,1.0,2
Michael F Bennet,Cindy Hyde Smith,0.0,2.0,2
Michael F Bennet,Mike Braun,0.0,2.0,2
Michael F Bennet,Joshua David Hawley,2.0,0.0,2
Michael F Bennet,Mitt Willard Romney,0.0,2.0,2
Michael F Bennet,Rick Scott,0.0,2.0,2
Michael F Bennet,Kelly Loeffler,0.0,2.0,2
Michael F Bennet,Mark Kelly,1.0,1.0,2
Michael F Bennet,Dianne Feinstein,1.0,1.0,2
Michael F Bennet,Patty Murray,0.0,2.0,2
Michael F Bennet,Susan M Collins,0.0,2.0,2
Michael F Bennet,Michael B Enzi,0.0,2.0,2
Michael F Bennet,Richard C Shelby,1.0,1.0,2
Joe Manchin III,Christopher A Coons,2.0,0.0,2
Joe Manchin III,Richard Blumenthal,2.0,0.0,2
Joe Manchin III,Marco Rubio,0.0,2.0,2
Joe Manchin III,Rand Paul,0.0,2.0,2
Joe Manchin III,John Hoeven,0.0,2.0,2
Joe Manchin III,Mike Lee,2.0,0.0,2
Joe Manchin III,Ronald Harold Johnson,2.0,0.0,2
Joe Manchin III,Brian Schatz,0.0,2.0,2
Joe Manchin III,Angus Stanley Jr King,2.0,0.0,2
Joe Manchin III,Elizabeth Warren,2.0,0.0,2
Joe Manchin III,Debra S Fischer,1.0,1.0,2
Joe Manchin III,Rafael Edward Ted Cruz,2.0,0.0,2
Joe Manchin III,Timothy Michael Kaine,2.0,0.0,2
Joe Manchin III,Cory A Booker,2.0,0.0,2
Joe Manchin III,Dan Sullivan,0.0,2.0,2
Joe Manchin III,David Perdue,0.0,2.0,2
Joe Manchin III,Joni K Ernst,0.0,2.0,2
Joe Manchin III,Benjamin E Sasse,2.0,0.0,2
Joe Manchin III,Thom R Tillis,0.0,2.0,2
Joe Manchin III,Mike Rounds,0.0,2.0,2
Joe Manchin III,Catherine Cortez Masto,2.0,0.0,2
Joe Manchin III,Kamala D Harris,2.0,0.0,2
Joe Manchin III,John Neely Kennedy,2.0,0.0,2
Joe Manchin III,Doug Jones,0.0,2.0,2
Joe Manchin III,Tina Flint Smith,0.0,2.0,2
Joe Manchin III,Cindy Hyde Smith,2.0,0.0,2
Joe Manchin III,Mike Braun,0.0,2.0,2
Joe Manchin III,Joshua David Hawley,2.0,0.0,2
Joe Manchin III,Mitt Willard Romney,0.0,2.0,2
Joe Manchin III,Rick Scott,0.0,2.0,2
Joe Manchin III,Kelly Loeffler,0.0,2.0,2
Joe Manchin III,Mark Kelly,0.0,2.0,2
Joe Manchin III,Dianne Feinstein,2.0,0.0,2
Joe Manchin III,Patty Murray,2.0,0.0,2
Joe Manchin III,Susan M Collins,0.0,2.0,2
Joe Manchin III,Michael B Enzi,0.0,2.0,2
Joe Manchin III,Richard C Shelby,2.0,0.0,2
Christopher A Coons,Richard Blumenthal,0.0,2.0,2
Christopher A Coons,Marco Rubio,0.0,2.0,2
Christopher A Coons,Rand Paul,0.0,2.0,2
Christopher A Coons,John Hoeven,0.0,2.0,2
Christopher A Coons,Mike Lee,0.0,2.0,2
Christopher A Coons,Ronald Harold Johnson,2.0,0.0,2
Christopher A Coons,Brian Schatz,0.0,2.0,2
Christopher A Coons,Angus Stanley Jr King,0.0,2.0,2
Christopher A Coons,Elizabeth Warren,2.0,0.0,2
Christopher A Coons,Debra S Fischer,0.0,2.0,2
Christopher A Coons,Rafael Edward Ted Cruz,0.0,2.0,2
Christopher A Coons,Timothy Michael Kaine,2.0,0.0,2
Christopher A Coons,Cory A Booker,2.0,0.0,2
Christopher A Coons,Dan Sullivan,0.0,2.0,2
Christopher A Coons,David Perdue,0.0,2.0,2
Christopher A Coons,Joni K Ernst,0.0,2.0,2
Christopher A Coons,Benjamin E Sasse,0.0,2.0,2
Christopher A Coons,Thom R Tillis,0.0,2.0,2
Christopher A Coons,Mike Rounds,0.0,2.0,2
Christopher A Coons,Catherine Cortez Masto,1.0,1.0,2
Christopher A Coons,Kamala D Harris,0.0,2.0,2
Christopher A Coons,John Neely Kennedy,0.0,2.0,2
Christopher A Coons,Doug Jones,0.0,2.0,2
Christopher A Coons,Tina Flint Smith,0.0,2.0,2
Christopher A Coons,Cindy Hyde Smith,0.0,2.0,2
Christopher A Coons,Mike Braun,0.0,2.0,2
Christopher A Coons,Joshua David Hawley,1.0,1.0,2
Christopher A Coons,Mitt Willard Romney,0.0,2.0,2
Christopher A Coons,Rick Scott,0.0,2.0,2
Christopher A Coons,Kelly Loeffler,0.0,2.0,2
Christopher A Coons,Mark Kelly,0.0,2.0,2
Christopher A Coons,Dianne Feinstein,0.0,2.0,2
Christopher A Coons,Patty Murray,0.0,2.0,2
Christopher A Coons,Susan M Collins,0.0,2.0,2
Christopher A Coons,Michael B Enzi,0.0,2.0,2
Christopher A Coons,Richard C Shelby,0.0,2.0,2
Richard Blumenthal,Marco Rubio,0.0,2.0,2
Richard Blumenthal,Rand Paul,0.0,2.0,2
Richard Blumenthal,John Hoeven,0.0,2.0,2
Richard Blumenthal,Mike Lee,0.0,2.0,2
Richard Blumenthal,Ronald Harold Johnson,2.0,0.0,2
Richard Blumenthal,Brian Schatz,0.0,2.0,2
Richard Blumenthal,Angus Stanley Jr King,0.0,2.0,2
Richard Blumenthal,Elizabeth Warren,2.0,0.0,2
Richard Blumenthal,Debra S Fischer,0.0,2.0,2
Richard Blumenthal,Rafael Edward Ted Cruz,0.0,2.0,2
Richard Blumenthal,Timothy Michael Kaine,0.0,2.0,2
Richard Blumenthal,Cory A Booker,2.0,0.0,2
Richard Blumenthal,Dan Sullivan,0.0,2.0,2
Richard Blumenthal,David Perdue,0.0,2.0,2
Richard Blumenthal,Joni K Ernst,0.0,2.0,2
Richard Blumenthal,Benjamin E Sasse,0.0,2.0,2
Richard Blumenthal,Thom R Tillis,0.0,2.0,2
Richard Blumenthal,Mike Rounds,1.0,1.0,2
Richard Blumenthal,Catherine Cortez Masto,1.0,1.0,2
Richard Blumenthal,Kamala D Harris,2.0,0.0,2
Richard Blumenthal,John Neely Kennedy,0.0,2.0,2
Richard Blumenthal,Doug Jones,0.0,2.0,2
Richard Blumenthal,Tina Flint Smith,2.0,0.0,2
Richard Blumenthal,Cindy Hyde Smith,0.0,2.0,2
Richard Blumenthal,Mike Braun,0.0,2.0,2
Richard Blumenthal,Joshua David Hawley,2.0,0.0,2
Richard Blumenthal,Mitt Willard Romney,0.0,2.0,2
Richard Blumenthal,Rick Scott,0.0,2.0,2
Richard Blumenthal,Kelly Loeffler,0.0,2.0,2
Richard Blumenthal,Mark Kelly,1.0,1.0,2
Richard Blumenthal,Dianne Feinstein,0.0,2.0,2
Richard Blumenthal,Patty Murray,0.0,2.0,2
Richard Blumenthal,Susan M Collins,0.0,2.0,2
Richard Blumenthal,Michael B Enzi,0.0,2.0,2
Richard Blumenthal,Richard C Shelby,0.0,2.0,2
Marco Rubio,Rand Paul,2.0,0.0,2
Marco Rubio,John Hoeven,2.0,0.0,2
Marco Rubio,Mike Lee,2.0,0.0,2
Marco Rubio,Ronald Harold Johnson,0.0,2.0,2
Marco Rubio,Brian Schatz,2.0,0.0,2
Marco Rubio,Angus Stanley Jr King,2.0,0.0,2
Marco Rubio,Elizabeth Warren,2.0,0.0,2
Marco Rubio,Debra S Fischer,2.0,0.0,2
Marco Rubio,Rafael Edward Ted Cruz,2.0,0.0,2
Marco Rubio,Timothy Michael Kaine,2.0,0.0,2
Marco Rubio,Cory A Booker,2.0,0.0,2
Marco Rubio,Dan Sullivan,2.0,0.0,2
Marco Rubio,David Perdue,2.0,0.0,2
Marco Rubio,Joni K Ernst,2.0,0.0,2
Marco Rubio,Benjamin E Sasse,0.0,2.0,2
Marco Rubio,Thom R Tillis,2.0,0.0,2
Marco Rubio,Mike Rounds,2.0,0.0,2
Marco Rubio,Catherine Cortez Masto,2.0,0.0,2
Marco Rubio,Kamala D Harris,2.0,0.0,2
Marco Rubio,John Neely Kennedy,2.0,0.0,2
Marco Rubio,Doug Jones,0.0,2.0,2
Marco Rubio,Tina Flint Smith,2.0,0.0,2
Marco Rubio,Cindy Hyde Smith,2.0,0.0,2
Marco Rubio,Mike Braun,2.0,0.0,2
Marco Rubio,Joshua David Hawley,0.0,2.0,2
Marco Rubio,Mitt Willard Romney,1.0,1.0,2
Marco Rubio,Rick Scott,2.0,0.0,2
Marco Rubio,Kelly Loeffler,2.0,0.0,2
Marco Rubio,Mark Kelly,0.0,2.0,2
Marco Rubio,Dianne Feinstein,2.0,0.0,2
Marco Rubio,Patty Murray,2.0,0.0,2
Marco Rubio,Susan M Collins,2.0,0.0,2
Marco Rubio,Michael B Enzi,0.0,2.0,2
Marco Rubio,Richard C Shelby,0.0,2.0,2
Rand Paul,John Hoeven,2.0,0.0,2
Rand Paul,Mike Lee,2.0,0.0,2
Rand Paul,Ronald Harold Johnson,0.0,2.0,2
Rand Paul,Brian Schatz,2.0,0.0,2
Rand Paul,Angus Stanley Jr King,2.0,0.0,2
Rand Paul,Elizabeth Warren,2.0,0.0,2
Rand Paul,Debra S Fischer,2.0,0.0,2
Rand Paul,Rafael Edward Ted Cruz,2.0,0.0,2
Rand Paul,Timothy Michael Kaine,2.0,0.0,2
Rand Paul,Cory A Booker,2.0,0.0,2
Rand Paul,Dan Sullivan,2.0,0.0,2
Rand Paul,David Perdue,2.0,0.0,2
Rand Paul,Joni K Ernst,2.0,0.0,2
Rand Paul,Benjamin E Sasse,2.0,0.0,2
Rand Paul,Thom R Tillis,2.0,0.0,2
Rand Paul,Mike Rounds,2.0,0.0,2
Rand Paul,Catherine Cortez Masto,2.0,0.0,2
Rand Paul,Kamala D Harris,2.0,0.0,2
Rand Paul,John Neely Kennedy,2.0,0.0,2
Rand Paul,Doug Jones,2.0,0.0,2
Rand Paul,Tina Flint Smith,2.0,0.0,2
Rand Paul,Cindy Hyde Smith,0.0,2.0,2
Rand Paul,Mike Braun,2.0,0.0,2
Rand Paul,Joshua David Hawley,0.0,2.0,2
Rand Paul,Mitt Willard Romney,0.0,2.0,2
Rand Paul,Rick Scott,2.0,0.0,2
Rand Paul,Kelly Loeffler,2.0,0.0,2
Rand Paul,Mark Kelly,2.0,0.0,2
Rand Paul,Dianne Feinstein,2.0,0.0,2
Rand Paul,Patty Murray,2.0,0.0,2
Rand Paul,Susan M Collins,2.0,0.0,2
Rand Paul,Michael B Enzi,0.0,2.0,2
Rand Paul,Richard C Shelby,0.0,2.0,2
John Hoeven,Mike Lee,2.0,0.0,2
John Hoeven,Ronald Harold Johnson,0.0,2.0,2
John Hoeven,Brian Schatz,2.0,0.0,2
John Hoeven,Angus Stanley Jr King,2.0,0.0,2
John Hoeven,Elizabeth Warren,2.0,0.0,2
John Hoeven,Debra S Fischer,0.0,2.0,2
John Hoeven,Rafael Edward Ted Cruz,0.0,2.0,2
John Hoeven,Timothy Michael Kaine,2.0,0.0,2
John Hoeven,Cory A Booker,2.0,0.0,2
John Hoeven,Dan Sullivan,2.0,0.0,2
John Hoeven,David Perdue,0.0,2.0,2
John Hoeven,Joni K Ernst,2.0,0.0,2
John Hoeven,Benjamin E Sasse,0.0,2.0,2
John Hoeven,Thom R Tillis,2.0,0.0,2
John Hoeven,Mike Rounds,1.0,1.0,2
John Hoeven,Catherine Cortez Masto,2.0,0.0,2
John Hoeven,Kamala D Harris,2.0,0.0,2
John Hoeven,John Neely Kennedy,0.0,2.0,2
John Hoeven,Doug Jones,0.0,2.0,2
John Hoeven,Tina Flint Smith,2.0,0.0,2
John Hoeven,Cindy Hyde Smith,2.0,0.0,2
John Hoeven,Mike Braun,0.0,2.0,2
John Hoeven,Joshua David Hawley,2.0,0.0,2
John Hoeven,Mitt Willard Romney,2.0,0.0,2
John Hoeven,Rick Scott,1.0,1.0,2
John Hoeven,Kelly Loeffler,2.0,0.0,2
John Hoeven,Mark Kelly,0.0,2.0,2
John Hoeven,Dianne Feinstein,2.0,0.0,2
John Hoeven,Patty Murray,2.0,0.0,2
John Hoeven,Susan M Collins,2.0,0.0,2
John Hoeven,Michael B Enzi,0.0,2.0,2
John Hoeven,Richard C Shelby,0.0,2.0,2
Mike Lee,Ronald Harold Johnson,0.0,2.0,2
Mike Lee,Brian Schatz,2.0,0.0,2
Mike Lee,Angus Stanley Jr King,2.0,0.0,2
Mike Lee,Elizabeth Warren,2.0,0.0,2
Mike Lee,Debra S Fischer,2.0,0.0,2
Mike Lee,Rafael Edward Ted Cruz,2.0,0.0,2
Mike Lee,Timothy Michael Kaine,2.0,0.0,2
Mike Lee,Cory A Booker,2.0,0.0,2
Mike Lee,Dan Sullivan,2.0,0.0,2
Mike Lee,David Perdue,0.0,2.0,2
Mike Lee,Joni K Ernst,2.0,0.0,2
Mike Lee,Benjamin E Sasse,2.0,0.0,2
Mike Lee,Thom R Tillis,2.0,0.0,2
Mike Lee,Mike Rounds,0.0,2.0,2
Mike Lee,Catherine Cortez Masto,2.0,0.0,2
Mike Lee,Kamala D Harris,2.0,0.0,2
Mike Lee,John Neely Kennedy,2.0,0.0,2
Mike Lee,Doug Jones,2.0,0.0,2
Mike Lee,Tina Flint Smith,2.0,0.0,2
Mike Lee,Cindy Hyde Smith,2.0,0.0,2
Mike Lee,Mike Braun,0.0,2.0,2
Mike Lee,Joshua David Hawley,2.0,0.0,2
Mike Lee,Mitt Willard Romney,2.0,0.0,2
Mike Lee,Rick Scott,2.0,0.0,2
Mike Lee,Kelly Loeffler,2.0,0.0,2
Mike Lee,Mark Kelly,2.0,0.0,2
Mike Lee,Dianne Feinstein,2.0,0.0,2
Mike Lee,Patty Murray,2.0,0.0,2
Mike Lee,Susan M Collins,2.0,0.0,2
Mike Lee,Michael B Enzi,0.0,2.0,2
Mike Lee,Richard C Shelby,0.0,2.0,2
Ronald Harold Johnson,Brian Schatz,2.0,0.0,2
Ronald Harold Johnson,Angus Stanley Jr King,1.0,1.0,2
Ronald Harold Johnson,Elizabeth Warren,0.0,2.0,2
Ronald Harold Johnson,Debra S Fischer,2.0,0.0,2
Ronald Harold Johnson,Rafael Edward Ted Cruz,0.0,2.0,2
Ronald Harold Johnson,Timothy Michael Kaine,1.0,1.0,2
Ronald Harold Johnson,Cory A Booker,2.0,0.0,2
Ronald Harold Johnson,Dan Sullivan,2.0,0.0,2
Ronald Harold Johnson,David Perdue,2.0,0.0,2
Ronald Harold Johnson,Joni K Ernst,2.0,0.0,2
Ronald Harold Johnson,Benjamin E Sasse,2.0,0.0,2
Ronald Harold Johnson,Thom R Tillis,0.0,2.0,2
Ronald Harold Johnson,Mike Rounds,2.0,0.0,2
Ronald Harold Johnson,Catherine Cortez Masto,2.0,0.0,2
Ronald Harold Johnson,Kamala D Harris,0.0,2.0,2
Ronald Harold Johnson,John Neely Kennedy,2.0,0.0,2
Ronald Harold Johnson,Doug Jones,0.0,2.0,2
Ronald Harold Johnson,Tina Flint Smith,2.0,0.0,2
Ronald Harold Johnson,Cindy Hyde Smith,2.0,0.0,2
Ronald Harold Johnson,Mike Braun,2.0,0.0,2
Ronald Harold Johnson,Joshua David Hawley,1.0,1.0,2
Ronald Harold Johnson,Mitt Willard Romney,2.0,0.0,2
Ronald Harold Johnson,Rick Scott,1.0,1.0,2
Ronald Harold Johnson,Kelly Loeffler,2.0,0.0,2
Ronald Harold Johnson,Mark Kelly,0.0,2.0,2
Ronald Harold Johnson,Dianne Feinstein,2.0,0.0,2
Ronald Harold Johnson,Patty Murray,0.0,2.0,2
Ronald Harold Johnson,Susan M Collins,2.0,0.0,2
Ronald Harold Johnson,Michael B Enzi,0.0,2.0,2
Ronald Harold Johnson,Richard C Shelby,0.0,2.0,2
Brian Schatz,Angus Stanley Jr King,2.0,0.0,2
Brian Schatz,Elizabeth Warren,2.0,0.0,2
Brian Schatz,Debra S Fischer,0.0,2.0,2
Brian Schatz,Rafael Edward Ted Cruz,0.0,2.0,2
Brian Schatz,Timothy Michael Kaine,2.0,0.0,2
Brian Schatz,Cory A Booker,0.0,2.0,2
Brian Schatz,Dan Sullivan,1.0,1.0,2
Brian Schatz,David Perdue,1.0,1.0,2
Brian Schatz,Joni K Ernst,0.0,2.0,2
Brian Schatz,Benjamin E Sasse,0.0,2.0,2
Brian Schatz,Thom R Tillis,0.0,2.0,2
Brian Schatz,Mike Rounds,0.0,2.0,2
Brian Schatz,Catherine Cortez Masto,2.0,0.0,2
Brian Schatz,Kamala D Harris,2.0,0.0,2
Brian Schatz,John Neely Kennedy,2.0,0.0,2
Brian Schatz,Doug Jones,0.0,2.0,2
Brian Schatz,Tina Flint Smith,2.0,0.0,2
Brian Schatz,Cindy Hyde Smith,0.0,2.0,2
Brian Schatz,Mike Braun,0.0,2.0,2
Brian Schatz,Joshua David Hawley,0.0,2.0,2
Brian Schatz,Mitt Willard Romney,0.0,2.0,2
Brian Schatz,Rick Scott,0.0,2.0,2
Brian Schatz,Kelly Loeffler,2.0,0.0,2
Brian Schatz,Mark Kelly,0.0,2.0,2
Brian Schatz,Dianne Feinstein,0.0,2.0,2
Brian Schatz,Patty Murray,0.0,2.0,2
Brian Schatz,Susan M Collins,0.0,2.0,2
Brian Schatz,Michael B Enzi,0.0,2.0,2
Brian Schatz,Richard C Shelby,0.0,2.0,2
Angus Stanley Jr King,Elizabeth Warren,2.0,0.0,2
Angus Stanley Jr King,Debra S Fischer,0.0,2.0,2
Angus Stanley Jr King,Rafael Edward Ted Cruz,2.0,0.0,2
Angus Stanley Jr King,Timothy Michael Kaine,1.0,1.0,2
Angus Stanley Jr King,Cory A Booker,2.0,0.0,2
Angus Stanley Jr King,Dan Sullivan,0.0,2.0,2
Angus Stanley Jr King,David Perdue,0.0,2.0,2
Angus Stanley Jr King,Joni K Ernst,0.0,2.0,2
Angus Stanley Jr King,Benjamin E Sasse,0.0,2.0,2
Angus Stanley Jr King,Thom R Tillis,0.0,2.0,2
Angus Stanley Jr King,Mike Rounds,0.0,2.0,2
Angus Stanley Jr King,Catherine Cortez Masto,1.0,1.0,2
Angus Stanley Jr King,Kamala D Harris,0.0,2.0,2
Angus Stanley Jr King,John Neely Kennedy,0.0,2.0,2
Angus Stanley Jr King,Doug Jones,0.0,2.0,2
Angus Stanley Jr King,Tina Flint Smith,1.0,1.0,2
Angus Stanley Jr King,Cindy Hyde Smith,0.0,2.0,2
Angus Stanley Jr King,Mike Braun,0.0,2.0,2
Angus Stanley Jr King,Joshua David Hawley,0.0,2.0,2
Angus Stanley Jr King,Mitt Willard Romney,0.0,2.0,2
Angus Stanley Jr King,Rick Scott,0.0,2.0,2
Angus Stanley Jr King,Kelly Loeffler,0.0,2.0,2
Angus Stanley Jr King,Mark Kelly,0.0,2.0,2
Angus Stanley Jr King,Dianne Feinstein,2.0,0.0,2
Angus Stanley Jr King,Patty Murray,0.0,2.0,2
Angus Stanley Jr King,Susan M Collins,0.0,2.0,2
Angus Stanley Jr King,Michael B Enzi,0.0,2.0,2
Angus Stanley Jr King,Richard C Shelby,0.0,2.0,2
Elizabeth Warren,Debra S Fischer,0.0,2.0,2
Elizabeth Warren,Rafael Edward Ted Cruz,0.0,2.0,2
Elizabeth Warren,Timothy Michael Kaine,2.0,0.0,2
Elizabeth Warren,Cory A Booker,0.0,2.0,2
Elizabeth Warren,Dan Sullivan,0.0,2.0,2
Elizabeth Warren,David Perdue,0.0,2.0,2
Elizabeth Warren,Joni K Ernst,0.0,2.0,2
Elizabeth Warren,Benjamin E Sasse,1.0,1.0,2
Elizabeth Warren,Thom R Tillis,0.0,2.0,2
Elizabeth Warren,Mike Rounds,0.0,2.0,2
Elizabeth Warren,Catherine Cortez Masto,0.0,2.0,2
Elizabeth Warren,Kamala D Harris,0.0,2.0,2
Elizabeth Warren,John Neely Kennedy,2.0,0.0,2
Elizabeth Warren,Doug Jones,0.0,2.0,2
Elizabeth Warren,Tina Flint Smith,1.0,1.0,2
Elizabeth Warren,Cindy Hyde Smith,1.0,1.0,2
Elizabeth Warren,Mike Braun,0.0,2.0,2
Elizabeth Warren,Joshua David Hawley,2.0,0.0,2
Elizabeth Warren,Mitt Willard Romney,0.0,2.0,2
Elizabeth Warren,Rick Scott,0.0,2.0,2
Elizabeth Warren,Kelly Loeffler,0.0,2.0,2
Elizabeth Warren,Mark Kelly,0.0,2.0,2
Elizabeth Warren,Dianne Feinstein,0.0,2.0,2
Elizabeth Warren,Patty Murray,0.0,2.0,2
Elizabeth Warren,Susan M Collins,0.0,2.0,2
Elizabeth Warren,Michael B Enzi,0.0,2.0,2
Elizabeth Warren,Richard C Shelby,0.0,2.0,2
Debra S Fischer,Rafael Edward Ted Cruz,0.0,2.0,2
Debra S Fischer,Timothy Michael Kaine,2.0,0.0,2
Debra S Fischer,Cory A Booker,0.0,2.0,2
Debra S Fischer,Dan Sullivan,2.0,0.0,2
Debra S Fischer,David Perdue,2.0,0.0,2
Debra S Fischer,Joni K Ernst,2.0,0.0,2
Debra S Fischer,Benjamin E Sasse,0.0,2.0,2
Debra S Fischer,Thom R Tillis,2.0,0.0,2
Debra S Fischer,Mike Rounds,2.0,0.0,2
Debra S Fischer,Catherine Cortez Masto,2.0,0.0,2
Debra S Fischer,Kamala D Harris,1.0,1.0,2
Debra S Fischer,John Neely Kennedy,1.0,1.0,2
Debra S Fischer,Doug Jones,0.0,2.0,2
Debra S Fischer,Tina Flint Smith,0.0,2.0,2
Debra S Fischer,Cindy Hyde Smith,0.0,2.0,2
Debra S Fischer,Mike Braun,2.0,0.0,2
Debra S Fischer,Joshua David Hawley,0.0,2.0,2
Debra S Fischer,Mitt Willard Romney,2.0,0.0,2
Debra S Fischer,Rick Scott,2.0,0.0,2
Debra S Fischer,Kelly Loeffler,2.0,0.0,2
Debra S Fischer,Mark Kelly,0.0,2.0,2
Debra S Fischer,Dianne Feinstein,2.0,0.0,2
Debra S Fischer,Patty Murray,0.0,2.0,2
Debra S Fischer,Susan M Collins,2.0,0.0,2
Debra S Fischer,Michael B Enzi,1.0,1.0,2
Debra S Fischer,Richard C Shelby,2.0,0.0,2
Rafael Edward Ted Cruz,Timothy Michael Kaine,0.0,2.0,2
Rafael Edward Ted Cruz,Cory A Booker,0.0,2.0,2
Rafael Edward Ted Cruz,Dan Sullivan,2.0,0.0,2
Rafael Edward Ted Cruz,David Perdue,2.0,0.0,2
Rafael Edward Ted Cruz,Joni K Ernst,2.0,0.0,2
Rafael Edward Ted Cruz,Benjamin E Sasse,2.0,0.0,2
Rafael Edward Ted Cruz,Thom R Tillis,2.0,0.0,2
Rafael Edward Ted Cruz,Mike Rounds,2.0,0.0,2
Rafael Edward Ted Cruz,Catherine Cortez Masto,1.0,1.0,2
Rafael Edward Ted Cruz,Kamala D Harris,0.0,2.0,2
Rafael Edward Ted Cruz,John Neely Kennedy,2.0,0.0,2
Rafael Edward Ted Cruz,Doug Jones,0.0,2.0,2
Rafael Edward Ted Cruz,Tina Flint Smith,0.0,2.0,2
Rafael Edward Ted Cruz,Cindy Hyde Smith,2.0,0.0,2
Rafael Edward Ted Cruz,Mike Braun,2.0,0.0,2
Rafael Edward Ted Cruz,Joshua David Hawley,2.0,0.0,2
Rafael Edward Ted Cruz,Mitt Willard Romney,2.0,0.0,2
Rafael Edward Ted Cruz,Rick Scott,2.0,0.0,2
Rafael Edward Ted Cruz,Kelly Loeffler,2.0,0.0,2
Rafael Edward Ted Cruz,Mark Kelly,0.0,2.0,2
Rafael Edward Ted Cruz,Dianne Feinstein,0.0,2.0,2
Rafael Edward Ted Cruz,Patty Murray,0.0,2.0,2
Rafael Edward Ted Cruz,Susan M Collins,2.0,0.0,2
Rafael Edward Ted Cruz,Michael B Enzi,2.0,0.0,2
Rafael Edward Ted Cruz,Richard C Shelby,2.0,0.0,2
Timothy Michael Kaine,Cory A Booker,0.0,2.0,2
Timothy Michael Kaine,Dan Sullivan,0.0,2.0,2
Timothy Michael Kaine,David Perdue,0.0,2.0,2
Timothy Michael Kaine,Joni K Ernst,0.0,2.0,2
Timothy Michael Kaine,Benjamin E Sasse,0.0,2.0,2
Timothy Michael Kaine,Thom R Tillis,0.0,2.0,2
Timothy Michael Kaine,Mike Rounds,0.0,2.0,2
Timothy Michael Kaine,Catherine Cortez Masto,0.0,2.0,2
Timothy Michael Kaine,Kamala D Harris,2.0,0.0,2
Timothy Michael Kaine,John Neely Kennedy,0.0,2.0,2
Timothy Michael Kaine,Doug Jones,0.0,2.0,2
Timothy Michael Kaine,Tina Flint Smith,0.0,2.0,2
Timothy Michael Kaine,Cindy Hyde Smith,0.0,2.0,2
Timothy Michael Kaine,Mike Braun,0.0,2.0,2
Timothy Michael Kaine,Joshua David Hawley,0.0,2.0,2
Timothy Michael Kaine,Mitt Willard Romney,0.0,2.0,2
Timothy Michael Kaine,Rick Scott,0.0,2.0,2
Timothy Michael Kaine,Kelly Loeffler,0.0,2.0,2
Timothy Michael Kaine,Mark Kelly,1.0,1.0,2
Timothy Michael Kaine,Dianne Feinstein,0.0,2.0,2
Timothy Michael Kaine,Patty Murray,2.0,0.0,2
Timothy Michael Kaine,Susan M Collins,0.0,2.0,2
Timothy Michael Kaine,Michael B Enzi,2.0,0.0,2
Timothy Michael Kaine,Richard C Shelby,0.0,2.0,2
Cory A Booker,Dan Sullivan,1.0,1.0,2
Cory A Booker,David Perdue,0.0,2.0,2
Cory A Booker,Joni K Ernst,0.0,2.0,2
Cory A Booker,Benjamin E Sasse,2.0,0.0,2
Cory A Booker,Thom R Tillis,0.0,2.0,2
Cory A Booker,Mike Rounds,0.0,2.0,2
Cory A Booker,Catherine Cortez Masto,0.0,2.0,2
Cory A Booker,Kamala D Harris,0.0,2.0,2
Cory A Booker,John Neely Kennedy,2.0,0.0,2
Cory A Booker,Doug Jones,1.0,1.0,2
Cory A Booker,Tina Flint Smith,2.0,0.0,2
Cory A Booker,Cindy Hyde Smith,0.0,2.0,2
Cory A Booker,Mike Braun,0.0,2.0,2
Cory A Booker,Joshua David Hawley,0.0,2.0,2
Cory A Booker,Mitt Willard Romney,0.0,2.0,2
Cory A Booker,Rick Scott,0.0,2.0,2
Cory A Booker,Kelly Loeffler,0.0,2.0,2
Cory A Booker,Mark Kelly,0.0,2.0,2
Cory A Booker,Dianne Feinstein,0.0,2.0,2
Cory A Booker,Patty Murray,0.0,2.0,2
Cory A Booker,Susan M Collins,2.0,0.0,2
Cory A Booker,Michael B Enzi,2.0,0.0,2
Cory A Booker,Richard C Shelby,0.0,2.0,2
Dan Sullivan,David Perdue,1.0,1.0,2
Dan Sullivan,Joni K Ernst,2.0,0.0,2
Dan Sullivan,Benjamin E Sasse,0.0,2.0,2
Dan Sullivan,Thom R Tillis,2.0,0.0,2
Dan Sullivan,Mike Rounds,2.0,0.0,2
Dan Sullivan,Catherine Cortez Masto,2.0,0.0,2
Dan Sullivan,Kamala D Harris,2.0,0.0,2
Dan Sullivan,John Neely Kennedy,0.0,2.0,2
Dan Sullivan,Doug Jones,0.0,2.0,2
Dan Sullivan,Tina Flint Smith,1.0,1.0,2
Dan Sullivan,Cindy Hyde Smith,0.0,2.0,2
Dan Sullivan,Mike Braun,2.0,0.0,2
Dan Sullivan,Joshua David Hawley,2.0,0.0,2
Dan Sullivan,Mitt Willard Romney,2.0,0.0,2
Dan Sullivan,Rick Scott,2.0,0.0,2
Dan Sullivan,Kelly Loeffler,0.0,2.0,2
Dan Sullivan,Mark Kelly,0.0,2.0,2
Dan Sullivan,Dianne Feinstein,2.0,0.0,2
Dan Sullivan,Patty Murray,1.0,1.0,2
Dan Sullivan,Susan M Collins,2.0,0.0,2
Dan Sullivan,Michael B Enzi,2.0,0.0,2
Dan Sullivan,Richard C Shelby,2.0,0.0,2
David Perdue,Joni K Ernst,2.0,0.0,2
David Perdue,Benjamin E Sasse,2.0,0.0,2
David Perdue,Thom R Tillis,2.0,0.0,2
David Perdue,Mike Rounds,2.0,0.0,2
David Perdue,Catherine Cortez Masto,2.0,0.0,2
David Perdue,Kamala D Harris,2.0,0.0,2
David Perdue,John Neely Kennedy,1.0,1.0,2
David Perdue,Doug Jones,0.0,2.0,2
David Perdue,Tina Flint Smith,2.0,0.0,2
David Perdue,Cindy Hyde Smith,1.0,1.0,2
David Perdue,Mike Braun,0.0,2.0,2
David Perdue,Joshua David Hawley,0.0,2.0,2
David Perdue,Mitt Willard Romney,2.0,0.0,2
David Perdue,Rick Scott,2.0,0.0,2
David Perdue,Kelly Loeffler,2.0,0.0,2
David Perdue,Mark Kelly,0.0,2.0,2
David Perdue,Dianne Feinstein,2.0,0.0,2
David Perdue,Patty Murray,1.0,1.0,2
David Perdue,Susan M Collins,2.0,0.0,2
David Perdue,Michael B Enzi,1.0,1.0,2
David Perdue,Richard C Shelby,2.0,0.0,2
Joni K Ernst,Benjamin E Sasse,0.0,2.0,2
Joni K Ernst,Thom R Tillis,2.0,0.0,2
Joni K Ernst,Mike Rounds,2.0,0.0,2
Joni K Ernst,Catherine Cortez Masto,2.0,0.0,2
Joni K Ernst,Kamala D Harris,2.0,0.0,2
Joni K Ernst,John Neely Kennedy,0.0,2.0,2
Joni K Ernst,Doug Jones,2.0,0.0,2
Joni K Ernst,Tina Flint Smith,2.0,0.0,2
Joni K Ernst,Cindy Hyde Smith,2.0,0.0,2
Joni K Ernst,Mike Braun,1.0,1.0,2
Joni K Ernst,Joshua David Hawley,0.0,2.0,2
Joni K Ernst,Mitt Willard Romney,0.0,2.0,2
Joni K Ernst,Rick Scott,1.0,1.0,2
Joni K Ernst,Kelly Loeffler,0.0,2.0,2
Joni K Ernst,Mark Kelly,1.0,1.0,2
Joni K Ernst,Dianne Feinstein,2.0,0.0,2
Joni K Ernst,Patty Murray,2.0,0.0,2
Joni K Ernst,Susan M Collins,2.0,0.0,2
Joni K Ernst,Michael B Enzi,0.0,2.0,2
Joni K Ernst,Richard C Shelby,0.0,2.0,2
Benjamin E Sasse,Thom R Tillis,2.0,0.0,2
Benjamin E Sasse,Mike Rounds,2.0,0.0,2
Benjamin E Sasse,Catherine Cortez Masto,2.0,0.0,2
Benjamin E Sasse,Kamala D Harris,0.0,2.0,2
Benjamin E Sasse,John Neely Kennedy,2.0,0.0,2
Benjamin E Sasse,Doug Jones,0.0,2.0,2
Benjamin E Sasse,Tina Flint Smith,1.0,1.0,2
Benjamin E Sasse,Cindy Hyde Smith,2.0,0.0,2
Benjamin E Sasse,Mike Braun,2.0,0.0,2
Benjamin E Sasse,Joshua David Hawley,2.0,0.0,2
Benjamin E Sasse,Mitt Willard Romney,0.0,2.0,2
Benjamin E Sasse,Rick Scott,1.0,1.0,2
Benjamin E Sasse,Kelly Loeffler,1.0,1.0,2
Benjamin E Sasse,Mark Kelly,0.0,2.0,2
Benjamin E Sasse,Dianne Feinstein,0.0,2.0,2
Benjamin E Sasse,Patty Murray,0.0,2.0,2
Benjamin E Sasse,Susan M Collins,2.0,0.0,2
Benjamin E Sasse,Michael B Enzi,2.0,0.0,2
Benjamin E Sasse,Richard C Shelby,2.0,0.0,2
Thom R Tillis,Mike Rounds,1.0,1.0,2
Thom R Tillis,Catherine Cortez Masto,2.0,0.0,2
Thom R Tillis,Kamala D Harris,2.0,0.0,2
Thom R Tillis,John Neely Kennedy,2.0,0.0,2
Thom R Tillis,Doug Jones,0.0,2.0,2
Thom R Tillis,Tina Flint Smith,2.0,0.0,2
Thom R Tillis,Cindy Hyde Smith,2.0,0.0,2
Thom R Tillis,Mike Braun,2.0,0.0,2
Thom R Tillis,Joshua David Hawley,0.0,2.0,2
Thom R Tillis,Mitt Willard Romney,2.0,0.0,2
Thom R Tillis,Rick Scott,1.0,1.0,2
Thom R Tillis,Kelly Loeffler,2.0,0.0,2
Thom R Tillis,Mark Kelly,0.0,2.0,2
Thom R Tillis,Dianne Feinstein,2.0,0.0,2
Thom R Tillis,Patty Murray,0.0,2.0,2
Thom R Tillis,Susan M Collins,2.0,0.0,2
Thom R Tillis,Michael B Enzi,0.0,2.0,2
Thom R Tillis,Richard C Shelby,0.0,2.0,2
Mike Rounds,Catherine Cortez Masto,2.0,0.0,2
Mike Rounds,Kamala D Harris,2.0,0.0,2
Mike Rounds,John Neely Kennedy,1.0,1.0,2
Mike Rounds,Doug Jones,0.0,2.0,2
Mike Rounds,Tina Flint Smith,2.0,0.0,2
Mike Rounds,Cindy Hyde Smith,2.0,0.0,2
Mike Rounds,Mike Braun,1.0,1.0,2
Mike Rounds,Joshua David Hawley,0.0,2.0,2
Mike Rounds,Mitt Willard Romney,1.0,1.0,2
Mike Rounds,Rick Scott,1.0,1.0,2
Mike Rounds,Kelly Loeffler,2.0,0.0,2
Mike Rounds,Mark Kelly,0.0,2.0,2
Mike Rounds,Dianne Feinstein,2.0,0.0,2
Mike Rounds,Patty Murray,2.0,0.0,2
Mike Rounds,Susan M Collins,2.0,0.0,2
Mike Rounds,Michael B Enzi,1.0,1.0,2
Mike Rounds,Richard C Shelby,0.0,2.0,2
Catherine Cortez Masto,Kamala D Harris,1.0,1.0,2
Catherine Cortez Masto,John Neely Kennedy,0.0,2.0,2
Catherine Cortez Masto,Doug Jones,0.0,2.0,2
Catherine Cortez Masto,Tina Flint Smith,2.0,0.0,2
Catherine Cortez Masto,Cindy Hyde Smith,0.0,2.0,2
Catherine Cortez Masto,Mike Braun,0.0,2.0,2
Catherine Cortez Masto,Joshua David Hawley,0.0,2.0,2
Catherine Cortez Masto,Mitt Willard Romney,0.0,2.0,2
Catherine Cortez Masto,Rick Scott,0.0,2.0,2
Catherine Cortez Masto,Kelly Loeffler,0.0,2.0,2
Catherine Cortez Masto,Mark Kelly,1.0,1.0,2
Catherine Cortez Masto,Dianne Feinstein,0.0,2.0,2
Catherine Cortez Masto,Patty Murray,1.0,1.0,2
Catherine Cortez Masto,Susan M Collins,0.0,2.0,2
Catherine Cortez Masto,Michael B Enzi,0.0,2.0,2
Catherine Cortez Masto,Richard C Shelby,0.0,2.0,2
Kamala D Harris,John Neely Kennedy,0.0,2.0,2
Kamala D Harris,Doug Jones,0.0,2.0,2
Kamala D Harris,Tina Flint Smith,1.0,1.0,2
Kamala D Harris,Cindy Hyde Smith,0.0,2.0,2
Kamala D Harris,Mike Braun,0.0,2.0,2
Kamala D Harris,Joshua David Hawley,2.0,0.0,2
Kamala D Harris,Mitt Willard Romney,0.0,2.0,2
Kamala D Harris,Rick Scott,0.0,2.0,2
Kamala D Harris,Kelly Loeffler,0.0,2.0,2
Kamala D Harris,Mark Kelly,1.0,1.0,2
Kamala D Harris,Dianne Feinstein,0.0,2.0,2
Kamala D Harris,Patty Murray,0.0,2.0,2
Kamala D Harris,Susan M Collins,2.0,0.0,2
Kamala D Harris,Michael B Enzi,0.0,2.0,2
Kamala D Harris,Richard C Shelby,2.0,0.0,2
John Neely Kennedy,Doug Jones,2.0,0.0,2
John Neely Kennedy,Tina Flint Smith,0.0,2.0,2
John Neely Kennedy,Cindy Hyde Smith,2.0,0.0,2
John Neely Kennedy,Mike Braun,2.0,0.0,2
John Neely Kennedy,Joshua David Hawley,1.0,1.0,2
John Neely Kennedy,Mitt Willard Romney,2.0,0.0,2
John Neely Kennedy,Rick Scott,2.0,0.0,2
John Neely Kennedy,Kelly Loeffler,1.0,1.0,2
John Neely Kennedy,Mark Kelly,0.0,2.0,2
John Neely Kennedy,Dianne Feinstein,2.0,0.0,2
John Neely Kennedy,Patty Murray,0.0,2.0,2
John Neely Kennedy,Susan M Collins,2.0,0.0,2
John Neely Kennedy,Michael B Enzi,0.0,2.0,2
John Neely Kennedy,Richard C Shelby,0.0,2.0,2
Doug Jones,Tina Flint Smith,0.0,2.0,2
Doug Jones,Cindy Hyde Smith,0.0,2.0,2
Doug Jones,Mike Braun,1.0,1.0,2
Doug Jones,Joshua David Hawley,0.0,2.0,2
Doug Jones,Mitt Willard Romney,2.0,0.0,2
Doug Jones,Rick Scott,1.0,1.0,2
Doug Jones,Kelly Loeffler,2.0,0.0,2
Doug Jones,Mark Kelly,1.0,1.0,2
Doug Jones,Dianne Feinstein,2.0,0.0,2
Doug Jones,Patty Murray,2.0,0.0,2
Doug Jones,Susan M Collins,2.0,0.0,2
Doug Jones,Michael B Enzi,2.0,0.0,2
Doug Jones,Richard C Shelby,2.0,0.0,2
Tina Flint Smith,Cindy Hyde Smith,0.0,2.0,2
Tina Flint Smith,Mike Braun,0.0,2.0,2
Tina Flint Smith,Joshua David Hawley,2.0,0.0,2
Tina Flint Smith,Mitt Willard Romney,0.0,2.0,2
Tina Flint Smith,Rick Scott,0.0,2.0,2
Tina Flint Smith,Kelly Loeffler,0.0,2.0,2
Tina Flint Smith,Mark Kelly,1.0,1.0,2
Tina Flint Smith,Dianne Feinstein,1.0,1.0,2
Tina Flint Smith,Patty Murray,2.0,0.0,2
Tina Flint Smith,Susan M Collins,0.0,2.0,2
Tina Flint Smith,Michael B Enzi,0.0,2.0,2
Tina Flint Smith,Richard C Shelby,1.0,1.0,2
Cindy Hyde Smith,Mike Braun,2.0,0.0,2
Cindy Hyde Smith,Joshua David Hawley,1.0,1.0,2
Cindy Hyde Smith,Mitt Willard Romney,1.0,1.0,2
Cindy Hyde Smith,Rick Scott,2.0,0.0,2
Cindy Hyde Smith,Kelly Loeffler,2.0,0.0,2
Cindy Hyde Smith,Mark Kelly,2.0,0.0,2
Cindy Hyde Smith,Dianne Feinstein,2.0,0.0,2
Cindy Hyde Smith,Patty Murray,0.0,2.0,2
Cindy Hyde Smith,Susan M Collins,2.0,0.0,2
Cindy Hyde Smith,Michael B Enzi,2.0,0.0,2
Cindy Hyde Smith,Richard C Shelby,1.0,1.0,2
Mike Braun,Joshua David Hawley,0.0,2.0,2
Mike Braun,Mitt Willard Romney,0.0,2.0,2
Mike Braun,Rick Scott,2.0,0.0,2
Mike Braun,Kelly Loeffler,0.0,2.0,2
Mike Braun,Mark Kelly,1.0,1.0,2
Mike Braun,Dianne Feinstein,2.0,0.0,2
Mike Braun,Patty Murray,2.0,0.0,2
Mike Braun,Susan M Collins,2.0,0.0,2
Mike Braun,Michael B Enzi,1.0,1.0,2
Mike Braun,Richard C Shelby,0.0,2.0,2
Joshua David Hawley,Mitt Willard Romney,1.0,1.0,2
Joshua David Hawley,Rick Scott,1.0,1.0,2
Joshua David Hawley,Kelly Loeffler,2.0,0.0,2
Joshua David Hawley,Mark Kelly,0.0,2.0,2
Joshua David Hawley,Dianne Feinstein,0.0,2.0,2
Joshua David Hawley,Patty Murray,0.0,2.0,2
Joshua David Hawley,Susan M Collins,2.0,0.0,2
Joshua David Hawley,Michael B Enzi,2.0,0.0,2
Joshua David Hawley,Richard C Shelby,2.0,0.0,2
Mitt Willard Romney,Rick Scott,2.0,0.0,2
Mitt Willard Romney,Kelly Loeffler,2.0,0.0,2
Mitt Willard Romney,Mark Kelly,0.0,2.0,2
Mitt Willard Romney,Dianne Feinstein,2.0,0.0,2
Mitt Willard Romney,Patty Murray,2.0,0.0,2
Mitt Willard Romney,Susan M Collins,2.0,0.0,2
Mitt Willard Romney,Michael B Enzi,2.0,0.0,2
Mitt Willard Romney,Richard C Shelby,0.0,2.0,2
Rick Scott,Kelly Loeffler,2.0,0.0,2
Rick Scott,Mark Kelly,1.0,1.0,2
Rick Scott,Dianne Feinstein,2.0,0.0,2
Rick Scott,Patty Murray,2.0,0.0,2
Rick Scott,Susan M Collins,2.0,0.0,2
Rick Scott,Michael B Enzi,2.0,0.0,2
Rick Scott,Richard C Shelby,2.0,0.0,2
Kelly Loeffler,Mark Kelly,2.0,0.0,2
Kelly Loeffler,Dianne Feinstein,2.0,0.0,2
Kelly Loeffler,Patty Murray,2.0,0.0,2
Kelly Loeffler,Susan M Collins,0.0,2.0,2
Kelly Loeffler,Michael B Enzi,1.0,1.0,2
Kelly Loeffler,Richard C Shelby,2.0,0.0,2
Mark Kelly,Dianne Feinstein,2.0,0.0,2
Mark Kelly,Patty Murray,2.0,0.0,2
Mark Kelly,Susan M Collins,2.0,0.0,2
Mark Kelly,Michael B Enzi,2.0,0.0,2
Mark Kelly,Richard C Shelby,0.0,2.0,2
Dianne Feinstein,Patty Murray,0.0,2.0,2
Dianne Feinstein,Susan M Collins,0.0,2.0,2
Dianne Feinstein,Michael B Enzi,0.0,2.0,2
Dianne Feinstein,Richard C Shelby,0.0,2.0,2
Patty Murray,Susan M Collins,2.0,0.0,2
Patty Murray,Michael B Enzi,0.0,2.0,2
Patty Murray,Richard C Shelby,0.0,2.0,2
Susan M Collins,Michael B Enzi,0.0,2.0,2
Susan M Collins,Richard C Shelby,0.0,2.0,2
Michael B Enzi,Richard C Shelby,2.0,0.0,2
